ID записи,Имя,Фамилия,Пол,Возраст,Дата операции,Сумма,Код транзакции,Вид покупки,Город,Категория клиента
1,Варя,Дмитриева,Ж,62,2023-10-02 16:04:00,6832.11,JKMJP7IE,Салоны красоты,Ярославль,Стандарт
2,Ян,Казаков,М,61,2023-09-20 14:37:08,6059.67,QQXBKJJR,Образование,Уфа,Стандарт
3,Радмила,Чернова,Ж,36,2022-12-28 00:08:13,5024.28,4O73YJXE,Детские товары,Тюмень,Стандарт
4,Ариадна,Захарова,Ж,74,2023-11-19 13:39:04,3210.97,EHMK88EW,Обувь,Барнаул,Стандарт
5,Артемий,Матвеев,М,21,2023-05-01 02:55:59,3272.41,J5VJTXN1,Сантехника,Саратов,Стандарт
6,Злата,Покровская,Ж,64,2022-03-27 12:46:32,4778.61,YVKLGS1Z,Аренда автомобилей,Новокузнецк,Стандарт
7,Анжелика,Тимофеева,Ж,54,2023-07-18 01:25:18,6733.89,AUESH3RO,Парфюмерия,Барнаул,Стандарт
8,Нинель,Сергеева,Ж,47,2022-12-27 03:02:27,4314.74,1FTCOKHI,Доставка еды,Пермь,Стандарт
9,Трофим,Лазарев,М,75,2023-11-01 22:58:27,7833.04,4U6LPHUU,Парфюмерия,Казань,Стандарт
10,Лада,Николаева,Ж,56,2023-06-17 19:53:17,6642.13,XZOK52JI,Супермаркеты,Новокузнецк,Стандарт
11,Лиана,Лукина,Ж,56,2023-12-03 21:43:43,6637.13,VG2XC085,Сантехника,Ульяновск,Стандарт
12,Лилия,Тихомирова,Ж,68,2023-09-10 19:33:17,7238.34,LTMK58J9,Доставка еды,Кемерово,Стандарт
13,Борис,Филатов,М,67,2022-07-23 21:59:12,4088.52,FRDFBE4S,Аксессуары,Кемерово,Стандарт
14,Жанна,Титова,Ж,47,2022-02-12 13:48:47,5113.7,FCZSM8NO,Музыкальные инструменты,Волгоград,Стандарт
15,Дана,Киселева,Ж,41,2022-04-18 22:57:31,3849.46,B4E9SQWA,Билеты на мероприятия,Ростов-на-Дону,Стандарт
16,Владислав,Власов,М,37,2022-03-28 02:46:43,6183.66,P1S24QJJ,Фитнес-клубы,Ульяновск,Стандарт
17,Артём,Карпов,М,45,2022-04-01 17:25:43,1499.93,AGQVZKSY,Зоотовары,Казань,Стандарт
18,Аэлита,Алексеева,Ж,34,2024-02-24 02:58:13,4996.72,GDVSC5UX,Игры и ПО,Барнаул,Стандарт
19,Раиса,Романова,Ж,27,2022-12-23 10:31:24,6974.26,M3FPFITM,Сантехника,Нижний Новгород,Стандарт
20,Надежда,Баранова,Ж,23,2023-08-15 17:27:29,1717.45,7ZCWO1QH,Супермаркеты,Казань,Стандарт
21,Анатолий,Козлов,М,28,2024-02-15 21:06:27,2416.09,9VSB1H5U,Бытовая химия,Ростов-на-Дону,Стандарт
22,Ольга,Белова,Ж,37,2023-08-17 23:28:01,4203.3,9EIXBO3L,Билеты на мероприятия,Москва,Стандарт
23,Майя,Сидорова,Ж,47,2023-04-04 13:51:19,7213.67,95PWCIQC,Компьютеры и периферия,Иркутск,Стандарт
24,Лиана,Коновалова,Ж,71,2022-04-28 09:50:10,6379.05,70IJK930,Мебель,Владивосток,Стандарт
25,Ефим,Королев,М,45,2023-01-10 17:05:01,7194.22,KBZZYJP0,Сантехника,Тольятти,Стандарт
26,Пётр,Жуков,М,20,2023-10-21 21:21:18,8163.22,PJUWSFTA,Канцтовары,Новокузнецк,Стандарт
27,Святослав,Давыдов,М,51,2022-10-01 17:44:20,7408.25,Q1ZE8CT6,Продукты,Владивосток,Стандарт
28,Елисей,Поляков,М,38,2024-02-24 06:40:15,4606.94,8KOFD65X,Туристические услуги,Воронеж,Премиум
29,Марк,Лазарев,М,75,2024-01-19 22:11:53,7197.26,Q5NW88Q4,Музыкальные инструменты,Ульяновск,Премиум
30,Ариадна,Романова,Ж,31,2023-10-11 17:57:41,3125.31,ASYIA0DP,Ювелирные изделия,Краснодар,Стандарт
31,Капитолина,Воробьева,Ж,48,2023-01-12 09:25:43,5425.83,WKCQI7TD,Автомойка,Ростов-на-Дону,Стандарт
32,Мирослав,Ефимов,М,36,2022-07-28 04:34:09,2863.94,DRFEP6T5,Билеты на мероприятия,Омск,Стандарт
33,Надежда,Карпова,Ж,60,2024-01-14 02:28:28,5182.37,7W42CID4,Бытовая химия,Саратов,Стандарт
34,Елизарова,Кузьмина,Ж,30,2023-12-28 04:59:32,4205.05,RRHVRJKL,Доставка еды,Москва,Стандарт
35,Варя,Фомина,Ж,35,2023-09-17 11:33:28,6060.91,7VBY7K1E,Доставка еды,Ярославль,Премиум
36,Дана,Чернова,Ж,41,2022-02-24 01:50:37,5206.41,KM0LEVKF,Билеты на мероприятия,Саратов,Стандарт
37,Ксения,Исаева,Ж,29,2024-04-16 21:22:39,4878.17,Q1ULTX6F,Офисное оборудование,Краснодар,Стандарт
38,Серафима,Ильина,Ж,50,2023-10-27 09:46:44,5528.14,BT8B5BYF,Билеты на мероприятия,Ярославль,Стандарт
39,Юлиан,Чернышев,М,44,2022-07-18 09:49:28,8688.08,TM9P6SU6,Цветы,Оренбург,Стандарт
40,Пелагея,Коновалова,Ж,45,2023-09-19 18:31:17,12000.0,O9M8PCB5,Супермаркеты,Барнаул,Стандарт
41,Светозар,Яковлев,М,36,2023-12-23 06:26:26,5135.17,OD7REHEU,Телекоммуникации,Кемерово,Стандарт
42,Пелагея,Никитина,Ж,36,2022-05-13 06:12:14,5658.57,XK8M4356,Автомобильные услуги,Уфа,Стандарт
43,Амелия,Лукина,Ж,68,2023-08-20 04:02:27,4799.27,4EDUN60J,Офисное оборудование,Новокузнецк,Стандарт
44,Рустам,Гаврилов,М,24,2022-12-12 15:45:06,6738.98,V11P1HVV,Образование,Ижевск,Стандарт
45,Надежда,Волкова,Ж,67,2023-09-21 08:27:19,4109.07,BGO8HILE,Транспорт,Томск,Стандарт
46,Клавдия,Давыдова,Ж,50,2024-02-05 19:10:42,7006.7,AWCOMF05,Фитнес-клубы,Пермь,Стандарт
47,Ростислава,Назарова,Ж,59,2022-02-27 11:03:54,2721.07,R172PBRH,Автозапчасти,Тольятти,Стандарт
48,Лидия,Филиппова,Ж,62,2024-01-09 16:03:21,4585.07,BNN8XH00,Билеты на мероприятия,Новокузнецк,Стандарт
49,Арнольд,Григорьев,М,57,2023-11-18 22:26:32,5891.8,7ERIXFJK,Автомойка,Кемерово,Стандарт
50,Антонина,Богданова,Ж,71,2023-02-05 21:51:46,4869.51,PJIOPT1D,Зоотовары,Томск,Стандарт
51,Лилия,Миронова,Ж,73,2023-08-01 16:56:50,5988.2,UY7K7W1G,Игрушки,Махачкала,Стандарт
52,Герман,Воронин,М,73,2023-05-08 01:06:29,9171.06,R33Z7F8S,Ювелирные изделия,Томск,Стандарт
53,Ратибор,Романов,М,51,2023-02-04 12:03:59,6357.69,1TX4FE6T,Аренда автомобилей,Махачкала,Стандарт
54,Ника,Тарасова,Ж,74,2022-03-27 16:03:36,7025.94,TSRTJ8RD,Продукты,Пермь,Стандарт
55,Руслан,Быков,М,57,2022-09-09 00:05:58,7722.15,45GLK2VK,Супермаркеты,Тольятти,Стандарт
56,Вениамин,Лазарев,М,23,2024-01-24 12:03:12,3563.83,G27J10VW,Игрушки,Уфа,Стандарт
57,Радмила,Казакова,Ж,63,2022-12-22 08:07:24,5922.8,PMYY38SO,Игры и ПО,Томск,Стандарт
58,Олеся,Жукова,Ж,66,2023-12-14 17:48:26,5892.14,PUCD3DRY,Аксессуары,Томск,Стандарт
59,Капитолина,Маркова,Ж,73,2023-11-14 14:15:51,7381.64,E0T3WH8Z,Автомойка,Оренбург,Стандарт
60,Родион,Маслов,М,74,2022-12-15 02:05:42,5767.42,P6KIBRM6,Салоны красоты,Махачкала,Премиум
61,Виолетта,Покровская,Ж,41,2022-01-20 17:38:15,7862.19,GAUK9GVT,Гостиницы,Ростов-на-Дону,Стандарт
62,Лиана,Воронина,Ж,70,2024-01-09 02:48:17,7350.97,SO88FD07,Хозяйственные товары,Махачкала,Стандарт
63,Ефим,Карпов,М,32,2022-09-12 14:58:22,6221.44,WMIRJFVM,Развлечения,Омск,Стандарт
64,Ярослав,Баранов,М,28,2023-07-14 16:15:38,2515.13,NBLNCDSO,Хозяйственные товары,Краснодар,Стандарт
65,Леонтий,Лазарев,М,28,2023-06-23 09:50:38,4689.39,SEIX301X,Автомойка,Барнаул,Стандарт
66,Бронислав,Чернышев,М,75,2023-11-02 14:40:23,4681.79,UHCASMVY,Спортивные товары,Красноярск,Стандарт
67,Ариадна,Крылова,Ж,46,2024-02-04 06:50:16,5911.94,9AK3CY3L,Аксессуары,Владивосток,Стандарт
68,Злата,Быкова,Ж,72,2023-03-15 10:35:07,8978.69,CE18STIC,Спортивные товары,Иркутск,Стандарт
69,София,Соловьева,Ж,73,2023-05-17 08:44:52,2869.65,NUDRCXLC,Автомойка,Кемерово,Стандарт
70,Валерия,Крылова,Ж,22,2023-04-06 21:30:02,6125.31,WUPA3116,Телекоммуникации,Томск,Стандарт
71,Гавриил,Никитин,М,53,2022-07-06 06:32:15,8620.83,CAK7D4C1,Гостиницы,Тольятти,Стандарт
72,Ева,Федотова,Ж,63,2022-06-19 11:55:08,5504.54,65PNMC95,Парфюмерия,Оренбург,Стандарт
73,Лилия,Герасимова,Ж,27,2022-12-07 21:29:06,6684.84,6DAVQO6G,Страхование,Ярославль,Стандарт
74,Пелагея,Крылова,Ж,53,2022-09-29 19:40:53,7878.91,4R6MTHZ7,Образование,Волгоград,Стандарт
75,Галина,Родионова,Ж,42,2022-07-12 01:24:29,8047.77,AN4VDMOB,Парфюмерия,Кемерово,Стандарт
76,Майя,Родионова,Ж,38,2023-11-22 21:37:19,4763.46,5G3SP51V,Парфюмерия,Новокузнецк,Стандарт
77,Эльдар,Коновалов,М,20,2024-01-12 15:30:51,5849.71,F7F6UAQI,Музыкальные инструменты,Новокузнецк,Стандарт
78,Агата,Исаева,Ж,73,2023-03-26 04:26:54,5372.04,W0ZMVOFA,Бытовая химия,Томск,Стандарт
79,Любовь,Добрынина,Ж,62,2023-01-14 04:18:53,6581.94,9PGBL6G0,Парфюмерия,Оренбург,Стандарт
80,Ариадна,Лукина,Ж,65,2022-10-11 11:53:02,2378.47,ZCBDO37Y,Страхование,Кемерово,Стандарт
81,Антонина,Казакова,Ж,66,2023-03-29 19:36:46,7761.22,BU8VY194,Компьютеры и периферия,Волгоград,Стандарт
82,Инна,Маслова,Ж,29,2022-05-20 18:12:17,4692.28,IH3JMIBS,Сантехника,Саратов,Стандарт
83,Елисей,Гаврилов,М,51,2023-02-13 12:29:07,4251.5,1YJGNBWM,Почтовые услуги,Саратов,Стандарт
84,Аэлита,Чернова,Ж,59,2024-03-15 19:39:11,6642.84,W6AL7XDX,Ювелирные изделия,Томск,Стандарт
85,Виолетта,Назарова,Ж,41,2024-03-04 21:53:01,6314.94,7J69P7MU,Товары для дома,Тольятти,Стандарт
86,Милана,Коновалова,Ж,51,2022-06-17 00:37:10,4724.88,5KDREO3C,Супермаркеты,Уфа,Стандарт
87,Богдан,Николаев,М,62,2023-04-19 06:44:19,5903.27,844JBENW,Сантехника,Саратов,Стандарт
88,Евдокия,Александрова,Ж,63,2022-10-07 11:38:39,8519.92,XR521UJR,Детские товары,Владивосток,Стандарт
89,Клара,Фомина,Ж,20,2023-01-12 03:17:45,6947.47,T6SD7MQP,Супермаркеты,Иркутск,Стандарт
90,Яна,Баранова,Ж,72,2023-05-19 19:37:06,6441.93,77X9U56I,Парфюмерия,Владивосток,Стандарт
91,Ксения,Калинина,Ж,18,2023-01-28 19:29:03,2587.49,829PJ3M4,Одежда,Ростов-на-Дону,Стандарт
92,Пелагея,Тихомирова,Ж,75,2023-08-12 05:31:46,4820.47,I5RGXX1B,Цветы,Тольятти,Стандарт
93,Раиса,Казакова,Ж,20,2023-04-02 16:43:52,3870.46,SJE04DHR,Бытовая химия,Волгоград,Стандарт
94,Лиана,Савельева,Ж,27,2024-02-28 03:48:23,10820.4,63Y8HENO,Страхование,Новосибирск,Стандарт
95,Артемий,Медведев,М,21,2023-09-29 06:55:23,5462.46,JT1LMDGR,Хозяйственные товары,Кемерово,Стандарт
96,Августа,Быкова,Ж,30,2023-04-07 18:13:55,5102.21,N907ID0P,Офисное оборудование,Барнаул,Стандарт
97,Гордей,Борисов,М,40,2023-10-01 20:18:17,6438.62,TJ7A7ODC,Туристические услуги,Махачкала,Стандарт
98,Серафим,Осипов,М,60,2024-01-13 11:48:59,5005.72,XEBL3C03,Аренда автомобилей,Оренбург,Стандарт
99,Антонина,Воронина,Ж,51,2022-03-07 06:35:00,7617.48,5TTW8CT3,Ювелирные изделия,Оренбург,Стандарт
100,Ксения,Гусева,Ж,40,2024-03-31 17:11:48,5834.67,0TP8Y84V,Аренда автомобилей,Оренбург,Стандарт
101,Лиана,Быкова,Ж,26,2022-07-26 12:18:10,5576.09,6WJEWIWX,Детские товары,Томск,Стандарт
102,Надежда,Афанасьева,Ж,68,2024-03-24 17:16:37,9818.16,UEIRDVLW,Офисное оборудование,Омск,Стандарт
103,Альфред,Беляев,М,41,2024-03-10 14:48:29,364.81,EBY1XRV7,Сантехника,Самара,Стандарт
104,Радмила,Ефимова,Ж,46,2023-08-25 01:32:47,4183.48,EJZ9EG10,Сувениры,Ижевск,Стандарт
105,Адриан,Орлов,М,34,2022-04-13 23:26:51,5955.52,DMATYHTH,Сантехника,Уфа,Стандарт
106,Серафима,Соловьева,Ж,23,2022-06-18 14:28:14,9025.52,TVSFPQ29,Косметика,Нижний Новгород,Стандарт
107,Капитолина,Фомина,Ж,73,2022-10-09 02:40:18,5871.94,2YA2IHPP,Рестораны,Краснодар,Стандарт
108,Анжелика,Сорокина,Ж,72,2022-01-13 00:40:57,5938.06,S7FXXESD,Аренда автомобилей,Оренбург,Стандарт
109,Илона,Назарова,Ж,21,2022-10-16 22:07:40,4387.89,09ZW2UO8,Медикаменты,Тольятти,Премиум
110,Ладислав,Гаврилов,М,37,2022-06-18 14:41:40,7535.53,36D5XCMD,Парфюмерия,Томск,Стандарт
111,Любовь,Гусева,Ж,65,2023-08-06 06:54:47,2015.22,OTI0T9TR,Продукты,Владивосток,Стандарт
112,Светлана,Лукина,Ж,30,2023-11-21 17:11:23,4078.54,4LANCH3G,Бытовая химия,Иркутск,Стандарт
113,Павел,Майоров,М,48,2023-06-01 19:20:39,8403.29,Y2PGIYII,Детские товары,Воронеж,Стандарт
114,Майя,Чернышева,Ж,20,2024-02-25 07:56:07,8994.71,7ZSZLS18,Почтовые услуги,Оренбург,Стандарт
115,Лука,Карпов,М,38,2024-04-19 19:41:17,4286.49,SYD5WTNP,Хозяйственные товары,Воронеж,Стандарт
116,Ефросинья,Маркова,Ж,74,2022-05-07 04:24:20,7573.52,PDL5D8UK,Сантехника,Нижний Новгород,Стандарт
117,Диана,Богданова,Ж,74,2022-04-17 02:11:45,2844.73,CGU1S752,Аренда автомобилей,Владивосток,Стандарт
118,Гавриил,Давыдов,М,47,2023-11-19 22:59:48,5209.69,U6N3WITT,Детские товары,Владивосток,Стандарт
119,Пелагея,Яковлева,Ж,74,2022-10-09 15:25:14,6876.25,4W84AMBI,Офисное оборудование,Новокузнецк,Стандарт
120,Артемий,Орлов,М,68,2024-04-07 01:46:12,4166.89,90OKPDSO,Игры и ПО,Махачкала,Стандарт
121,Клим,Назаров,М,25,2023-08-16 04:54:25,7434.17,ACZGZ0F9,Автозапчасти,Новокузнецк,Стандарт
122,Аэлита,Сорокина,Ж,44,2022-05-05 02:19:13,3460.58,PARGHIS8,Супермаркеты,Ростов-на-Дону,Стандарт
123,Тамара,Егорова,Ж,53,2023-03-03 11:48:24,6456.51,01EU9RYS,Фототовары,Оренбург,Стандарт
124,Клавдия,Беляева,Ж,38,2023-06-13 04:40:05,2681.59,JAKFV8BD,Автомобильные услуги,Нижний Новгород,Стандарт
125,Божена,Соловьева,Ж,41,2024-04-07 05:05:07,5859.07,QJYL50CW,Образование,Красноярск,Стандарт
126,Мирослава,Добрынина,Ж,64,2023-08-21 14:37:25,4752.68,S9SANC6C,Детские товары,Краснодар,Стандарт
127,Антонина,Комарова,Ж,54,2023-09-23 04:29:14,1757.7,XEGG9VU1,Салоны красоты,Саратов,Стандарт
128,Майя,Голубева,Ж,30,2024-03-13 14:15:37,4095.83,04MQODG5,Музыкальные инструменты,Красноярск,Стандарт
129,Надежда,Родионова,Ж,49,2024-01-22 15:49:43,8098.47,PRMX9QHH,Сувениры,Кемерово,Стандарт
130,Альберт,Голубев,М,53,2022-02-19 19:12:58,3200.55,P4BVZKNZ,Салоны красоты,Ярославль,Стандарт
131,Ольга,Медведева,Ж,56,2023-08-02 08:10:45,4992.91,Y1EUEO3D,Туристические услуги,Владивосток,Стандарт
132,Любава,Селезнева,Ж,57,2023-01-10 00:52:14,6325.14,F5DHAPWG,Автомобильные услуги,Оренбург,Стандарт
133,Платон,Тимофеев,М,67,2023-05-13 12:05:58,5687.07,OAR2HKY5,Сувениры,Саратов,Стандарт
134,Аэлита,Лазарева,Ж,74,2022-12-02 05:43:42,8621.65,M9H5FL7J,Офисное оборудование,Ярославль,Стандарт
135,Давид,Романов,М,44,2022-10-02 20:24:40,9472.28,CL4VU755,Салоны красоты,Самара,Стандарт
136,Эльдар,Воронин,М,65,2023-03-03 22:53:20,4433.03,TA6M1C95,Аксессуары,Оренбург,Стандарт
137,Тимур,Куликов,М,74,2023-04-22 14:45:26,5439.85,VBG3S9CR,Продукты,Самара,Стандарт
138,Даниил,Калинин,М,35,2023-06-16 01:34:21,5083.79,4W0IZ1Y5,Детские товары,Оренбург,Стандарт
139,Надежда,Дмитриева,Ж,31,2022-03-28 05:08:28,6107.91,4DNEU9TL,Образование,Тольятти,Стандарт
140,Пелагея,Беляева,Ж,66,2023-10-08 20:45:22,5147.77,1EU6FRQL,Офисное оборудование,Челябинск,Стандарт
141,Тихон,Киселев,М,38,2023-03-20 06:43:54,5687.61,I7ZB8FU6,Телекоммуникации,Кемерово,Стандарт
142,Адриан,Белов,М,41,2022-10-08 22:16:14,8550.55,LUYHM3SC,Автозапчасти,Саратов,Стандарт
143,Леокадия,Маркова,Ж,53,2022-04-14 03:57:22,5912.36,JN4K8WVO,Продукты,Саратов,Стандарт
144,Надежда,Чернова,Ж,51,2022-12-15 05:36:22,9189.9,6C72Q7K4,Фитнес-клубы,Кемерово,Стандарт
145,Клара,Федотова,Ж,32,2023-06-29 00:39:17,8626.53,FUTPI480,Сувениры,Волгоград,Стандарт
146,Варя,Власова,Ж,24,2023-10-11 03:16:17,5439.88,KHBQK19A,Страхование,Тюмень,Стандарт
147,Леонтий,Гаврилов,М,31,2022-02-11 17:26:51,7578.45,GAUYRA8H,Обувь,Ижевск,Стандарт
148,Августа,Денисова,Ж,66,2023-02-20 00:14:14,3671.19,U6FEFFQS,Цветы,Тюмень,Стандарт
149,Эльдар,Коновалов,М,56,2023-10-01 10:57:44,6079.92,8J9DC7UQ,Строительные материалы,Тюмень,Стандарт
150,Радмила,Тарасова,Ж,22,2023-02-22 09:05:00,8317.12,DXJ3EVNZ,Цветы,Томск,Стандарт
151,Клара,Кузьмина,Ж,40,2023-12-31 14:02:21,5207.32,OUSGNWXW,Офисное оборудование,Омск,Стандарт
152,Ада,Осипова,Ж,51,2022-05-28 11:15:09,3587.67,CE2XO07L,Почтовые услуги,Ярославль,Стандарт
153,Арнольд,Зайцев,М,66,2023-06-24 18:19:25,7168.4,VQYAJQXB,Компьютеры и периферия,Ростов-на-Дону,Стандарт
154,Полина,Ефимова,Ж,21,2023-10-14 16:38:44,9582.31,6SR0RTQL,Аптека,Екатеринбург,Стандарт
155,Виолетта,Савельева,Ж,23,2022-08-28 01:02:05,9257.89,TNZXE5G9,Парфюмерия,Барнаул,Стандарт
156,Гордей,Александров,М,63,2022-01-09 11:02:24,6212.46,EEOMURC4,Детские товары,Барнаул,Стандарт
157,Клара,Дмитриева,Ж,19,2024-01-01 16:32:19,3494.21,DWFKN9N9,Игры и ПО,Саратов,Стандарт
158,Арсений,Маслов,М,68,2023-09-15 23:15:56,3133.86,T4ZHH9E4,Ювелирные изделия,Тюмень,Стандарт
159,Варя,Тимофеева,Ж,54,2022-05-01 09:21:15,11229.05,F0K7ZBDG,Страхование,Оренбург,Стандарт
160,Серафима,Лазарева,Ж,65,2022-01-17 03:25:43,8012.86,B6JL2FR1,Товары для дома,Омск,Стандарт
161,Ярослав,Чернышев,М,74,2024-02-06 22:03:13,6987.94,9SA9VKTU,Сувениры,Челябинск,Премиум
162,Наталья,Ильина,Ж,37,2023-04-10 07:01:03,6023.25,T8V0MVZO,Мебель,Оренбург,Стандарт
163,Антонина,Абрамова,Ж,57,2022-06-29 08:52:28,6064.52,QMVXOBLP,Салоны красоты,Махачкала,Премиум
164,Зинаида,Воронина,Ж,52,2022-12-31 03:31:55,2808.65,G9SJEJ6X,Косметика,Махачкала,Стандарт
165,Эмиль,Куликов,М,44,2022-08-13 10:23:30,6747.33,Z47N3SK4,Сантехника,Махачкала,Стандарт
166,Евграф,Голубев,М,75,2022-12-10 14:47:10,6125.46,9K9VMI0X,Парфюмерия,Новокузнецк,Стандарт
167,Алевтина,Коновалова,Ж,27,2023-11-20 20:40:40,6137.37,YURSL13J,Парфюмерия,Новокузнецк,Стандарт
168,Марат,Фомин,М,61,2023-11-17 12:47:10,5013.63,4IOH9WAT,Автомобильные услуги,Ижевск,Стандарт
169,Алевтина,Григорьева,Ж,22,2024-04-08 12:55:13,7282.32,9W6G10I1,Страхование,Барнаул,Стандарт
170,Серафим,Чернов,М,73,2023-11-05 23:34:08,3142.08,ZBETUO06,Бытовая химия,Тюмень,Стандарт
171,Нинель,Родионова,Ж,44,2022-08-31 04:13:08,4295.24,WLUUL2PS,Доставка еды,Ульяновск,Стандарт
172,Лада,Родионова,Ж,39,2022-03-30 08:07:31,6549.53,AJAYZJK8,Доставка еды,Воронеж,Стандарт
173,Глафира,Казакова,Ж,64,2022-06-05 21:33:12,5785.59,YBEH5ZV0,Аренда автомобилей,Оренбург,Стандарт
174,Марк,Казаков,М,58,2023-02-18 21:16:54,5800.99,3H6DFTI7,Детские товары,Ярославль,Стандарт
175,Яна,Щербакова,Ж,35,2023-09-12 13:57:45,5397.33,AMDQGUYK,Офисное оборудование,Барнаул,Стандарт
176,Руслан,Максимов,М,42,2023-07-22 05:49:28,7631.12,XK5OIAHO,Доставка еды,Барнаул,Стандарт
177,Лука,Романов,М,18,2022-01-14 22:12:47,6139.21,C5X6W8BB,Почтовые услуги,Оренбург,Стандарт
178,Константин,Ефимов,М,22,2022-11-04 17:58:18,5523.35,9THITUDR,Телекоммуникации,Оренбург,Стандарт
179,Руслан,Сидоров,М,27,2024-03-02 13:37:39,2763.27,MXXX1XM2,Рестораны,Ульяновск,Стандарт
180,Бронислав,Герасимов,М,66,2023-10-18 10:21:01,2915.8,MWPCK1EV,Салоны красоты,Махачкала,Стандарт
181,Леокадия,Беляева,Ж,65,2023-11-21 17:37:59,8408.34,Y6B86HER,Аксессуары,Кемерово,Стандарт
182,Серафим,Орлов,М,41,2023-07-31 10:29:36,8294.53,0A2BNKMW,Супермаркеты,Ярославль,Стандарт
183,Надежда,Полякова,Ж,74,2023-01-28 09:46:11,2348.31,M9YQPZFS,Спортивные товары,Ярославль,Стандарт
184,Эмиль,Коновалов,М,24,2022-01-01 15:25:21,4328.18,5H1XGA1D,Продукты,Красноярск,Стандарт
185,Захар,Тимофеев,М,34,2022-08-12 09:25:32,7695.23,2VPSXXY5,Офисное оборудование,Махачкала,Премиум
186,Серафима,Коновалова,Ж,18,2022-11-11 20:33:46,5580.7,5OJ2TVKU,Ювелирные изделия,Новокузнецк,Стандарт
187,Маргарита,Афанасьева,Ж,66,2022-08-10 21:58:42,9624.4,1F9C9HPA,Товары для дома,Волгоград,Стандарт
188,Альберт,Сорокин,М,39,2023-09-28 10:02:42,8197.9,YI4ME0FK,Автомобильные услуги,Самара,Стандарт
189,Игорь,Соколов,М,33,2024-01-14 06:49:37,6879.74,R4LE8M9Y,Аренда автомобилей,Саратов,Стандарт
190,Анатолий,Калинин,М,26,2022-08-18 07:51:50,3794.92,UKURXXYJ,Сантехника,Кемерово,Стандарт
191,Инна,Соловьева,Ж,66,2022-01-21 02:14:29,8099.13,SH4HX0UX,Аренда автомобилей,Тюмень,Стандарт
192,Клавдия,Козлова,Ж,49,2023-03-12 18:37:26,5309.44,MT264PA6,Музыкальные инструменты,Казань,Стандарт
193,Ростислава,Кузьмина,Ж,38,2022-02-15 10:10:11,4513.56,4SHQ0E2H,Автомойка,Новокузнецк,Стандарт
194,Юлиан,Пономарев,М,35,2023-08-29 00:18:42,9820.63,443EC1OG,Супермаркеты,Саратов,Стандарт
195,Яна,Миронова,Ж,71,2023-03-31 12:19:47,5642.29,1UT43QG4,Парфюмерия,Барнаул,Стандарт
196,Леокадия,Карпова,Ж,67,2022-06-22 10:29:22,8700.29,J301DRTC,Автомойка,Оренбург,Стандарт
197,Наталья,Исаева,Ж,69,2023-08-19 02:13:18,5904.48,9NZAEWIJ,Книги,Владивосток,Стандарт
198,Эмиль,Сорокин,М,52,2022-04-20 14:21:00,714.76,5UU68NF7,Телекоммуникации,Самара,Стандарт
199,Радмила,Пономарева,Ж,70,2023-07-18 13:45:33,2387.41,JAUI0G9Z,Фототовары,Волгоград,Стандарт
200,Серафима,Абрамова,Ж,53,2023-12-11 17:06:43,7040.57,K2P7OGTA,Хозяйственные товары,Иркутск,Стандарт
201,Милана,Комарова,Ж,21,2023-12-19 15:05:42,4498.53,ZFA42YCG,Страхование,Уфа,Стандарт
202,Гордей,Федотов,М,50,2023-09-19 23:41:03,4065.68,ZVNSIZYY,Продукты,Ульяновск,Стандарт
203,Матвей,Андреев,М,36,2022-06-25 16:20:53,5526.11,GMW1F2FX,Телекоммуникации,Новокузнецк,Стандарт
204,Ия,Пономарева,Ж,25,2022-04-07 17:36:43,5871.28,ZBXQO3VJ,Аренда автомобилей,Саратов,Стандарт
205,Раиса,Куликова,Ж,29,2023-06-20 01:19:04,6864.18,8JWV7HIT,Мебель,Кемерово,Стандарт
206,Майя,Антонова,Ж,50,2022-12-30 17:24:32,8141.85,34TYLLFE,Страхование,Томск,Стандарт
207,Капитолина,Фомина,Ж,60,2023-10-29 11:44:48,6124.7,FQ8180J9,Ювелирные изделия,Иркутск,Стандарт
208,Платон,Лебедев,М,24,2023-01-07 13:25:59,7312.02,FTGADC52,Салоны красоты,Новокузнецк,Стандарт
209,Тимур,Родионов,М,24,2022-08-06 16:02:38,3105.78,HE5PYVR6,Игрушки,Томск,Стандарт
210,Ефим,Сидоров,М,33,2023-08-12 14:22:58,5730.8,YNLC38EW,Салоны красоты,Ижевск,Стандарт
211,Марат,Воробьев,М,35,2023-01-07 14:33:52,7173.29,8QJ9WHEZ,Спортивные товары,Ростов-на-Дону,Стандарт
212,Изабелла,Добрынина,Ж,61,2023-11-11 16:47:17,8185.44,IXXMZ16L,Образование,Новокузнецк,Стандарт
213,Надежда,Голубева,Ж,49,2022-04-15 19:30:45,7695.01,94HHQ9TH,Детские товары,Иркутск,Стандарт
214,Регина,Чернышева,Ж,72,2023-11-05 09:08:40,4719.83,5LYIBDB6,Игры и ПО,Ульяновск,Стандарт
215,Савелий,Чернов,М,52,2023-10-19 01:34:56,5699.64,93ELX0U5,Музыкальные инструменты,Санкт-Петербург,Стандарт
216,Ульяна,Давыдова,Ж,30,2023-06-17 21:10:15,6019.35,L86F98M7,Музыкальные инструменты,Саратов,Стандарт
217,Эдуард,Кузьмин,М,59,2022-06-30 13:26:06,4737.9,7AET0667,Бытовая химия,Ростов-на-Дону,Стандарт
218,Жанна,Федотова,Ж,71,2023-03-26 13:47:51,7777.93,Z89B16R8,Билеты на мероприятия,Ростов-на-Дону,Стандарт
219,Гордей,Давыдов,М,48,2023-06-13 08:39:40,6738.07,JQVUH3DG,Аренда автомобилей,Воронеж,Стандарт
220,Анатолий,Тимофеев,М,71,2023-09-16 22:52:31,5185.76,E5DONXO0,Билеты на мероприятия,Ярославль,Стандарт
221,Адриан,Жуков,М,21,2023-01-07 16:14:49,6647.29,ZUETEG4R,Салоны красоты,Томск,Стандарт
222,Клавдия,Селезнева,Ж,29,2022-06-08 07:49:47,7601.66,ZXTZFN7T,Хозяйственные товары,Воронеж,Стандарт
223,Елизавета,Герасимова,Ж,31,2022-08-21 06:36:09,5586.65,BEJD453G,Телекоммуникации,Красноярск,Стандарт
224,Никита,Карпов,М,20,2024-03-13 14:05:41,3840.37,5BV9RCMZ,Билеты на мероприятия,Екатеринбург,Стандарт
225,Жанна,Лукина,Ж,50,2024-03-06 05:10:11,7428.34,HVAYO86N,Детские товары,Ульяновск,Стандарт
226,Надежда,Абрамова,Ж,56,2022-05-07 09:57:42,4800.27,Y4JR04E5,Билеты на мероприятия,Нижний Новгород,Стандарт
227,Амелия,Афанасьева,Ж,31,2024-02-21 13:13:13,5577.88,XKRH57OY,Книги,Ижевск,Стандарт
228,Ева,Титова,Ж,51,2023-09-21 13:21:41,3840.7,1QHHXAHP,Цветы,Пермь,Стандарт
229,Матвей,Поляков,М,28,2022-07-05 21:45:44,4418.77,YC4GC6AS,Почтовые услуги,Екатеринбург,Стандарт
230,Герман,Гусев,М,57,2022-11-20 07:01:21,3478.5,EGJECWJA,Доставка еды,Воронеж,Стандарт
231,Елизарова,Маркова,Ж,34,2022-04-15 07:58:10,4763.13,BRTE6T18,Бытовая химия,Самара,Стандарт
232,Любава,Осипова,Ж,70,2022-11-15 19:30:52,4006.19,W42L7FOB,Сувениры,Барнаул,Стандарт
233,Серафима,Миронова,Ж,30,2022-06-04 15:54:11,6222.52,6ZXPNDZY,Игрушки,Тольятти,Премиум
234,Нинель,Калинина,Ж,60,2023-05-22 16:54:36,7627.72,0FAKOHU1,Автомойка,Ижевск,Стандарт
235,Диана,Медведева,Ж,28,2023-03-19 03:51:59,5141.72,3E4ELRWW,Сантехника,Красноярск,Стандарт
236,Алевтина,Савельева,Ж,73,2022-05-15 18:41:19,5761.92,2J3DVIS7,Туристические услуги,Махачкала,Стандарт
237,Надежда,Зайцева,Ж,36,2023-01-29 18:24:00,4735.63,LIUAOSZQ,Парфюмерия,Оренбург,Стандарт
238,Евграф,Тарасов,М,22,2022-10-17 12:05:59,3644.24,4A07R18H,Спортивные товары,Кемерово,Стандарт
239,Галина,Покровская,Ж,54,2024-03-10 11:25:59,4629.16,WV4IRIUR,Офисное оборудование,Ижевск,Стандарт
240,Ольга,Куликова,Ж,60,2024-03-14 01:39:05,6320.78,U9MD5JTQ,Хозяйственные товары,Барнаул,Стандарт
241,Майя,Пономарева,Ж,44,2023-07-24 02:26:00,2725.96,85738OHB,Сантехника,Иркутск,Стандарт
242,Роман,Миронов,М,72,2023-06-16 16:37:31,8836.72,RFPXAA5D,Фототовары,Ульяновск,Стандарт
243,Радмила,Голубева,Ж,73,2022-09-03 17:37:28,6221.05,9JPFGESB,Детские товары,Кемерово,Стандарт
244,Ефросинья,Макарова,Ж,42,2023-12-08 08:45:46,8985.43,SWAE2SMY,Аренда автомобилей,Ульяновск,Стандарт
245,Клавдия,Покровская,Ж,50,2023-07-23 03:38:40,3409.95,EIFY2TNI,Игры и ПО,Иркутск,Стандарт
246,Ада,Маслова,Ж,61,2023-03-27 13:47:27,7834.81,XGD1QY2T,Музыкальные инструменты,Владивосток,Стандарт
247,Всеволод,Волков,М,52,2024-04-09 07:31:55,3724.29,9ZSVCNMB,Компьютеры и периферия,Пермь,Стандарт
248,Надежда,Мартынова,Ж,34,2022-07-07 05:57:00,1991.77,63BR72IA,Парфюмерия,Томск,Стандарт
249,Ксения,Беляева,Ж,60,2023-10-03 12:03:46,5771.13,3KR7ADYW,Билеты на мероприятия,Омск,Стандарт
250,Серафима,Селезнева,Ж,47,2023-02-10 14:59:42,11614.61,RMZ3I971,Сувениры,Оренбург,Премиум
251,Ева,Покровская,Ж,48,2022-05-23 12:06:51,2069.07,D5YSU1GG,Хозяйственные товары,Пермь,Стандарт
252,Ника,Афанасьева,Ж,22,2024-04-30 14:31:44,4595.21,AOMY8W7U,Спортивные товары,Ижевск,Стандарт
253,Анжела,Гаврилова,Ж,53,2024-02-12 18:01:37,8002.38,D64EJ6RT,Автозапчасти,Пермь,Стандарт
254,Богдан,Филиппов,М,24,2024-02-08 03:58:29,5997.85,67SONA0R,Винотеки,Воронеж,Стандарт
255,Любава,Васильева,Ж,67,2022-03-15 01:20:33,4172.1,RG3OSRGR,Парфюмерия,Воронеж,Стандарт
256,Ада,Абрамова,Ж,59,2022-06-08 14:54:10,4655.47,2MD39IDE,Парфюмерия,Челябинск,Стандарт
257,Олеся,Сорокина,Ж,22,2022-12-13 21:37:46,6763.71,64O5A1CK,Парфюмерия,Владивосток,Стандарт
258,Тимур,Афанасьев,М,61,2022-08-16 01:11:50,6312.86,GT8YX6I1,Почтовые услуги,Новокузнецк,Стандарт
259,Ника,Карпова,Ж,44,2023-11-07 15:01:40,5464.81,M5VZVYD5,Музыкальные инструменты,Волгоград,Стандарт
260,Екатерина,Воронина,Ж,64,2022-12-05 14:43:12,5780.93,JLNDCT6Y,Аптека,Томск,Стандарт
261,Божена,Добрынина,Ж,70,2023-08-19 07:05:43,9585.51,Y3PMNU8X,Аренда автомобилей,Ростов-на-Дону,Стандарт
262,Клим,Савельев,М,67,2022-04-23 03:49:14,7251.04,E23W4QLT,Сувениры,Ижевск,Стандарт
263,Светлана,Дмитриева,Ж,68,2022-08-25 14:29:12,6689.07,F6WR5GID,Транспорт,Краснодар,Стандарт
264,Нинель,Осипова,Ж,74,2022-12-28 06:04:53,5053.32,J1X4031V,Страхование,Оренбург,Стандарт
265,Юлиана,Фомина,Ж,41,2024-03-15 08:15:53,5350.02,IABZ44ZM,Офисное оборудование,Пермь,Стандарт
266,Марина,Добрынина,Ж,68,2022-08-12 17:05:30,4703.33,X4CTDJBY,Туристические услуги,Самара,Стандарт
267,Леонид,Пономарев,М,44,2024-01-10 17:21:50,3935.71,JZYVD0UF,Туристические услуги,Оренбург,Стандарт
268,Сильвестр,Григорьев,М,61,2024-01-25 17:12:17,7143.22,7MYCIA7J,Гостиницы,Владивосток,Стандарт
269,Анжела,Прохорова,Ж,65,2023-01-13 02:47:14,6949.23,GLQT32IP,Доставка еды,Иркутск,Стандарт
270,Евграф,Ефимов,М,48,2022-03-22 00:00:08,7441.32,GMAPUY4U,Сантехника,Кемерово,Стандарт
271,Сильвестр,Денисов,М,44,2022-03-01 23:20:26,6251.81,GMY26OAW,Детские товары,Красноярск,Стандарт
272,Юлиана,Максимова,Ж,60,2023-07-28 18:55:15,5450.98,IS17Y49S,Образование,Барнаул,Стандарт
273,Клавдия,Майорова,Ж,43,2022-03-06 15:29:42,5950.25,IK52G5ER,Канцтовары,Воронеж,Стандарт
274,Капитолина,Щербакова,Ж,43,2023-11-24 19:57:02,7071.17,MME0BNEV,Почтовые услуги,Оренбург,Стандарт
275,Ника,Давыдова,Ж,49,2023-06-10 20:19:17,4545.47,HXZ64MK4,Фототовары,Уфа,Стандарт
276,Пелагея,Щербакова,Ж,60,2024-02-13 10:34:34,3750.54,0SJJ5GS6,Музыкальные инструменты,Махачкала,Стандарт
277,Ника,Королева,Ж,71,2022-08-11 11:00:41,7552.72,BESCXHI0,Супермаркеты,Самара,Стандарт
278,Нинель,Коновалова,Ж,58,2022-10-02 23:39:16,8299.13,88FPERFK,Автомойка,Барнаул,Стандарт
279,Капитолина,Осипова,Ж,22,2022-07-04 06:55:14,7895.56,PHOB3520,Игрушки,Ульяновск,Стандарт
280,Юлия,Осипова,Ж,67,2023-04-10 21:18:26,7721.38,HKP8H47B,Салоны красоты,Краснодар,Стандарт
281,Рустам,Сидоров,М,75,2023-07-25 13:19:07,7898.93,Z2QC30DE,Страхование,Красноярск,Стандарт
282,Марат,Соловьев,М,62,2022-03-01 09:27:35,8602.34,DWTG6P6K,Мебель,Оренбург,Стандарт
283,Карина,Данилова,Ж,59,2023-11-11 22:25:13,9675.88,SS9IX5N5,Ювелирные изделия,Махачкала,Стандарт
284,Ульяна,Карпова,Ж,53,2023-09-11 13:04:04,8216.09,T4K2A8WM,Спортивные товары,Саратов,Стандарт
285,Лилия,Климова,Ж,48,2023-05-18 21:11:05,6088.35,K449K0JP,Игрушки,Махачкала,Стандарт
286,Агата,Филатова,Ж,55,2022-04-30 23:15:38,7981.7,IL3X7747,Детские товары,Иркутск,Стандарт
287,Надежда,Покровская,Ж,36,2023-03-07 13:28:04,5963.98,QHMKK9ES,Аренда автомобилей,Новокузнецк,Стандарт
288,Анжелика,Зайцева,Ж,53,2023-07-26 01:22:09,6438.06,MHJGGG7Z,Хозяйственные товары,Оренбург,Стандарт
289,Нинель,Сидорова,Ж,41,2023-03-21 03:48:51,5933.56,PN4VIRAS,Фототовары,Ижевск,Стандарт
290,Лиана,Куликова,Ж,35,2022-09-08 19:13:59,3830.25,0A50Y0Z5,Продукты,Оренбург,Премиум
291,Леонтий,Ефимов,М,47,2022-03-03 02:01:10,7493.46,ASZJH4AW,Сувениры,Челябинск,Стандарт
292,Филипп,Медведев,М,29,2024-04-28 20:30:17,4275.51,CZC8PX4E,Фототовары,Кемерово,Стандарт
293,Пелагея,Денисова,Ж,22,2023-03-05 13:48:13,3753.6,RFM37WTJ,Продукты,Владивосток,Стандарт
294,Яна,Филатова,Ж,58,2023-06-13 09:26:08,3483.68,DPCPY7IP,Автомойка,Кемерово,Стандарт
295,Светлана,Ефимова,Ж,21,2022-09-25 12:12:55,10238.73,07HNVTZ3,Автомойка,Томск,Стандарт
296,Юлиана,Исаева,Ж,40,2023-09-29 13:48:54,6137.24,LTW60UW7,Образование,Владивосток,Стандарт
297,Лука,Мельников,М,49,2023-07-13 16:20:31,5497.86,HDZR2I1K,Автозапчасти,Махачкала,Стандарт
298,Гордей,Сергеев,М,21,2022-03-22 04:08:12,5226.66,OJX4OARN,Зоотовары,Ульяновск,Стандарт
299,Лиана,Назарова,Ж,33,2022-04-25 06:26:01,5964.96,B519Y4MD,Цветы,Новокузнецк,Стандарт
300,Эльдар,Савельев,М,67,2023-07-06 18:51:19,5032.62,1OPRSWKG,Аптека,Краснодар,Стандарт
301,Адам,Матвеев,М,71,2022-12-06 02:10:45,5945.04,9YFFN3KY,Аксессуары,Новокузнецк,Стандарт
302,Евдокия,Коновалова,Ж,69,2023-01-04 12:18:52,1052.57,JC65UOLM,Косметика,Махачкала,Стандарт
303,Мирослав,Карпов,М,35,2024-03-13 11:22:08,7628.2,AKEIB0GI,Книги,Владивосток,Стандарт
304,Ольга,Голубева,Ж,38,2023-09-03 17:55:48,8043.09,GOCMH2XJ,Доставка еды,Тольятти,Стандарт
305,Марат,Куликов,М,47,2023-07-20 23:29:07,9127.81,F3J35GYY,Автозапчасти,Челябинск,Стандарт
306,Амелия,Маркова,Ж,42,2023-09-08 09:33:07,3497.35,IY3HCIVQ,Фототовары,Самара,Стандарт
307,Егор,Ильин,М,60,2023-04-05 21:51:40,4330.25,7OH48GH7,Автомойка,Владивосток,Стандарт
308,Ратибор,Ильин,М,46,2023-04-19 10:42:57,3252.24,4TALSH6F,Спортивные товары,Ростов-на-Дону,Стандарт
309,Леокадия,Лукина,Ж,55,2024-04-21 05:50:50,4655.6,FGUGR4U0,Товары для дома,Воронеж,Стандарт
310,Леонтий,Баранов,М,34,2023-06-09 01:18:57,6470.52,08ZG5CMN,Аренда автомобилей,Уфа,Стандарт
311,Аркадий,Фомин,М,47,2023-09-15 02:08:30,4739.25,FNZHGCZB,Телекоммуникации,Кемерово,Стандарт
312,Злата,Тихомирова,Ж,67,2023-03-31 20:48:13,5341.51,11OP1M4V,Мебель,Оренбург,Стандарт
313,Ростислава,Калинина,Ж,63,2024-02-27 08:28:00,4295.24,6K6WMI1L,Парфюмерия,Красноярск,Стандарт
314,Ян,Щербаков,М,63,2024-03-28 07:37:29,2181.12,HLKP11L8,Парфюмерия,Краснодар,Стандарт
315,Нонна,Гусева,Ж,33,2023-12-26 19:27:04,5146.06,BY9BRNRA,Игры и ПО,Томск,Стандарт
316,Ростислава,Комарова,Ж,67,2023-09-04 06:49:11,5651.79,4O08M6LU,Музыкальные инструменты,Пермь,Стандарт
317,Гордей,Власов,М,50,2022-06-13 09:00:17,5789.66,67M6B1YH,Зоотовары,Екатеринбург,Стандарт
318,Ольга,Мельникова,Ж,61,2024-01-02 17:48:48,5639.33,FB77IXQO,Аренда автомобилей,Нижний Новгород,Стандарт
319,Лиана,Добрынина,Ж,34,2022-04-01 01:46:07,3576.58,5Z5KC5OW,Офисное оборудование,Новокузнецк,Стандарт
320,Серафима,Полякова,Ж,55,2024-03-10 03:16:19,7061.82,Z0K2IL2Q,Бытовая химия,Пермь,Стандарт
321,Майя,Афанасьева,Ж,68,2022-05-08 02:14:18,8470.02,64MN8F8C,Компьютеры и периферия,Пермь,Стандарт
322,Руслан,Савельев,М,56,2022-10-02 00:45:20,5517.18,J94AHFNW,Бытовая химия,Ульяновск,Стандарт
323,Ростислава,Афанасьева,Ж,72,2022-05-20 07:12:12,6107.52,IS5GQE47,Хозяйственные товары,Махачкала,Стандарт
324,Клара,Мельникова,Ж,20,2023-05-03 15:25:41,5225.59,ZPCACLJR,Салоны красоты,Ульяновск,Стандарт
325,Никита,Маслов,М,73,2023-01-11 01:17:01,7803.81,PHRX0F72,Аксессуары,Ульяновск,Стандарт
326,Пелагея,Чернышева,Ж,18,2023-05-18 01:37:38,5581.36,HJUZ7XH9,Гостиницы,Владивосток,Стандарт
327,Ариадна,Прохорова,Ж,30,2022-05-07 10:14:30,5365.18,F430O76Z,Офисное оборудование,Пермь,Стандарт
328,Жанна,Волкова,Ж,33,2022-11-08 03:49:13,5779.5,A9ZX8BEX,Электроника,Ижевск,Стандарт
329,Амелия,Осипова,Ж,67,2022-01-20 16:31:24,8270.75,Z0E18FTM,Аксессуары,Владивосток,Стандарт
330,Любовь,Ефимова,Ж,48,2023-09-12 13:45:03,3343.32,2Y58YXQ9,Образование,Саратов,Стандарт
331,Ростислава,Прохорова,Ж,65,2024-03-31 16:51:36,5559.89,P7A9KWEU,Билеты на мероприятия,Тольятти,Стандарт
332,Любовь,Добрынина,Ж,23,2023-08-03 02:18:07,7557.55,KEKO3A9U,Автомойка,Нижний Новгород,Стандарт
333,Ефросинья,Фомина,Ж,62,2023-05-06 02:08:17,6039.13,Q12UOJ33,Строительные материалы,Томск,Стандарт
334,Ирина,Прохорова,Ж,66,2022-02-22 07:29:28,3330.82,8Z2DKHIX,Аксессуары,Новокузнецк,Стандарт
335,Станислав,Марков,М,67,2024-01-04 07:26:35,7321.52,M0GQ893V,Телекоммуникации,Иркутск,Стандарт
336,Галина,Калинина,Ж,40,2022-11-08 03:59:20,9171.64,ZJ647OT4,Строительные материалы,Кемерово,Стандарт
337,Августа,Богданова,Ж,53,2023-07-28 12:14:35,5582.75,1UVKSGP8,Продукты,Воронеж,Стандарт
338,Татьяна,Титова,Ж,26,2023-04-24 19:57:56,7087.06,15EKDP31,Гостиницы,Оренбург,Стандарт
339,Ия,Лазарева,Ж,60,2024-03-12 06:46:24,4161.84,BTP0L90N,Аксессуары,Нижний Новгород,Стандарт
340,Сильвестр,Коновалов,М,58,2023-06-25 11:03:51,3827.26,CKAV6029,Хозяйственные товары,Ульяновск,Стандарт
341,Клим,Чернышев,М,56,2023-12-26 17:45:42,5995.7,4C4BKOCI,Аптека,Омск,Стандарт
342,Илона,Афанасьева,Ж,43,2023-10-28 02:44:01,6113.77,9PCAYZHK,Книги,Ижевск,Стандарт
343,Василиса,Миронова,Ж,36,2023-05-10 02:05:51,6983.83,FL8GDB7M,Салоны красоты,Нижний Новгород,Стандарт
344,Мирослав,Власов,М,38,2022-04-23 02:35:15,7046.79,RR4CZD3T,Страхование,Уфа,Стандарт
345,Нонна,Миронова,Ж,31,2022-06-02 16:57:15,5711.27,716PDI82,Детские товары,Ижевск,Стандарт
346,Раиса,Савельева,Ж,73,2023-01-23 02:36:45,4370.5,1MRAD8H7,Фототовары,Уфа,Стандарт
347,Елизавета,Данилова,Ж,55,2022-12-23 21:59:26,2893.62,QT6DTQWD,Ювелирные изделия,Махачкала,Стандарт
348,Ариадна,Лукина,Ж,24,2022-08-07 13:34:03,4823.91,W8BF7UM6,Аренда автомобилей,Тольятти,Премиум
349,Бронислав,Матвеев,М,31,2024-03-04 01:36:31,9680.51,K08202X5,Офисное оборудование,Кемерово,Стандарт
350,Радмила,Куликова,Ж,59,2024-01-12 17:41:45,6490.81,04VE3RWU,Фитнес-клубы,Красноярск,Стандарт
351,Жанна,Тарасова,Ж,57,2022-08-27 01:24:19,5126.09,A85UD9Y5,Обувь,Тольятти,Стандарт
352,Пелагея,Назарова,Ж,20,2023-11-23 09:29:00,5883.74,R3B7QC1C,Сувениры,Ульяновск,Стандарт
353,Тимур,Федотов,М,21,2022-09-21 17:20:02,5655.17,0IA4VF33,Супермаркеты,Томск,Стандарт
354,Арсений,Абрамов,М,56,2023-12-25 04:28:29,5458.04,O1Y7FX36,Гостиницы,Уфа,Стандарт
355,Галина,Абрамова,Ж,36,2022-09-28 14:58:33,623.26,NO0H4WRF,Сувениры,Новокузнецк,Стандарт
356,Божена,Мельникова,Ж,58,2022-08-16 08:25:58,7291.33,O8WHV68U,Детские товары,Оренбург,Стандарт
357,Елизарова,Савельева,Ж,67,2022-04-29 23:42:34,3308.49,8WCY1730,Аксессуары,Воронеж,Стандарт
358,Ия,Афанасьева,Ж,58,2022-07-15 14:20:16,5913.85,YG2HIHSJ,Автомобильные услуги,Оренбург,Стандарт
359,Ян,Максимов,М,59,2023-01-01 07:59:32,7941.94,OX3QRNGR,Телекоммуникации,Омск,Стандарт
360,Ева,Майорова,Ж,44,2024-04-05 22:16:21,2970.6,TTHEI0L1,Гостиницы,Иркутск,Стандарт
361,Марк,Фролов,М,57,2022-05-07 17:04:53,4286.5,D7EAP6GI,Музыкальные инструменты,Тольятти,Стандарт
362,Леокадия,Ильина,Ж,72,2023-05-18 12:26:25,7101.29,J7WP8QSX,Сувениры,Казань,Стандарт
363,Серафима,Федотова,Ж,29,2023-02-08 22:37:57,489.14,U74NAR1P,Билеты на мероприятия,Ярославль,Стандарт
364,Пелагея,Климова,Ж,63,2023-03-26 17:35:46,3215.34,8V9GUR58,Страхование,Волгоград,Стандарт
365,Елена,Данилова,Ж,68,2022-09-18 16:32:20,7295.46,ZSC73O9Z,Продукты,Пермь,Стандарт
366,Мирослав,Мартынов,М,63,2022-08-15 06:40:32,7086.06,1HUA1AHG,Телекоммуникации,Ярославль,Стандарт
367,Антонина,Романова,Ж,49,2023-02-28 23:31:55,7913.47,8QKBVXMI,Продукты,Ижевск,Стандарт
368,Надежда,Матвеева,Ж,74,2023-04-30 17:51:07,8960.69,UN1JQB9I,Сантехника,Новокузнецк,Стандарт
369,Викентий,Абрамов,М,56,2022-10-25 06:22:12,4445.28,ZROZTS8S,Супермаркеты,Махачкала,Стандарт
370,Эдуард,Чернов,М,25,2022-11-03 21:01:49,6002.71,O8U5ZFW7,Строительные материалы,Тюмень,Стандарт
371,Дана,Майорова,Ж,58,2022-07-04 09:25:52,6729.22,18MBZJOT,Товары для дома,Новокузнецк,Стандарт
372,Анжела,Миронова,Ж,43,2022-09-18 19:36:43,6887.37,D7DJDEII,Супермаркеты,Ижевск,Стандарт
373,Лилия,Покровская,Ж,27,2022-12-14 22:35:40,7080.07,TOT4ILCO,Автомойка,Нижний Новгород,Стандарт
374,Гордей,Абрамов,М,28,2023-04-08 07:36:45,7582.21,OXH0UAVB,Хозяйственные товары,Тюмень,Стандарт
375,Аэлита,Фролова,Ж,72,2023-01-17 05:12:01,4230.57,IP8FE2EX,Аренда автомобилей,Уфа,Стандарт
376,Гавриил,Чернышев,М,47,2022-09-29 23:34:00,5523.06,BVE2F5Y0,Спортивные товары,Махачкала,Стандарт
377,Майя,Исаева,Ж,39,2022-03-21 08:24:30,7283.57,84IMTIH4,Фитнес-клубы,Краснодар,Стандарт
378,Гавриил,Матвеев,М,40,2022-12-23 17:54:57,9859.18,VQIR5JKC,Гостиницы,Тюмень,Стандарт
379,Альберт,Щербаков,М,47,2024-01-31 13:51:51,3954.0,0V7V8V5R,Гостиницы,Уфа,Стандарт
380,Лада,Филиппова,Ж,40,2024-04-08 17:06:24,9802.97,GQD5QTXS,Фототовары,Барнаул,Стандарт
381,Капитолина,Киселева,Ж,48,2023-07-21 04:47:34,6417.15,XZV64V62,Компьютеры и периферия,Кемерово,Стандарт
382,Клара,Романова,Ж,43,2023-09-02 18:32:20,9568.88,NNJY1J7V,Компьютеры и периферия,Нижний Новгород,Стандарт
383,Ефросинья,Сидорова,Ж,33,2023-01-30 17:40:45,8761.19,A2C6K76T,Детские товары,Махачкала,Стандарт
384,Анжела,Афанасьева,Ж,39,2024-04-10 19:30:19,9648.06,LQRT6KL9,Сувениры,Ульяновск,Стандарт
385,Светозар,Яковлев,М,29,2023-06-02 14:09:18,8147.1,LJGBTELX,Сантехника,Краснодар,Стандарт
386,Игнатий,Морозов,М,47,2023-05-21 22:23:19,1603.86,48877DQW,Игры и ПО,Омск,Стандарт
387,Захар,Борисов,М,20,2023-08-09 22:02:19,8251.19,HPUNQQ6M,Офисное оборудование,Ростов-на-Дону,Стандарт
388,Серафим,Крылов,М,60,2023-07-03 11:49:58,5290.71,7NECXBY7,Сувениры,Новокузнецк,Стандарт
389,Милана,Полякова,Ж,53,2022-01-20 15:10:26,4031.01,XFXUUXGP,Сувениры,Новокузнецк,Стандарт
390,Аэлита,Покровская,Ж,68,2022-06-01 08:28:47,3474.81,5250BWGW,Строительные материалы,Красноярск,Стандарт
391,Любава,Никитина,Ж,65,2022-06-21 21:09:23,6060.09,WKD5SXAL,Бытовая химия,Оренбург,Стандарт
392,Светлана,Савельева,Ж,44,2023-11-08 11:23:48,4765.52,ZXZ0ZU34,Гостиницы,Ярославль,Стандарт
393,Раиса,Дмитриева,Ж,42,2023-03-06 17:27:18,5612.12,6AVJ8FBE,Офисное оборудование,Махачкала,Стандарт
394,Гордей,Пономарев,М,44,2022-01-24 19:00:03,7828.16,6P85CXPC,Офисное оборудование,Воронеж,Стандарт
395,Божена,Климова,Ж,64,2022-10-23 21:35:32,5499.53,STVG2IG9,Гостиницы,Барнаул,Стандарт
396,Варя,Баранова,Ж,62,2022-03-03 12:32:47,4595.55,DDN446X8,Обувь,Уфа,Стандарт
397,Капитолина,Чернышева,Ж,34,2024-01-05 01:08:11,6307.74,VCOORJ45,Парфюмерия,Нижний Новгород,Стандарт
398,Полина,Щербакова,Ж,23,2022-04-29 04:50:29,3749.64,4FRMITB5,Парфюмерия,Иркутск,Стандарт
399,Альбина,Власова,Ж,53,2023-07-15 04:51:04,7018.16,UMNB3ZK3,Детские товары,Тюмень,Стандарт
400,Серафима,Быкова,Ж,57,2022-11-13 14:11:17,11269.35,JUTOBQAH,Компьютеры и периферия,Ульяновск,Стандарт
401,Лиана,Полякова,Ж,28,2022-11-25 07:12:03,3444.24,KP6YSQCL,Хозяйственные товары,Краснодар,Стандарт
402,Злата,Мартынова,Ж,72,2022-10-06 11:02:42,3674.12,0UWDO225,Аптека,Кемерово,Стандарт
403,София,Майорова,Ж,47,2023-11-21 12:43:08,5269.18,XVL4PI7J,Сантехника,Владивосток,Стандарт
404,Зинаида,Калинина,Ж,57,2022-05-26 01:01:16,3396.05,I35XV01U,Фототовары,Ярославль,Стандарт
405,Адам,Орлов,М,24,2023-12-26 22:13:04,5226.09,57FEIJ87,Ювелирные изделия,Владивосток,Стандарт
406,Тимофей,Маслов,М,70,2022-03-11 04:17:50,5518.81,0BFNIZYC,Супермаркеты,Оренбург,Стандарт
407,Лев,Ильин,М,56,2023-06-07 05:10:31,8533.6,CH6B6URK,Компьютеры и периферия,Воронеж,Стандарт
408,Зинаида,Ильина,Ж,67,2023-08-08 17:19:18,4973.78,FNGIQNQ8,Автомойка,Махачкала,Стандарт
409,Радмила,Назарова,Ж,33,2022-02-17 16:10:10,7357.14,6C97TGD6,Гостиницы,Ижевск,Стандарт
410,Юлиана,Богданова,Ж,74,2023-06-02 16:14:56,7845.32,V21283US,Аренда автомобилей,Саратов,Стандарт
411,Август,Воронин,М,43,2024-03-17 20:40:23,6269.16,AW7NTYBK,Телекоммуникации,Ижевск,Стандарт
412,Мирослава,Власова,Ж,71,2022-08-16 08:58:16,6010.22,ZTA11FDD,Продукты,Краснодар,Стандарт
413,Ада,Лазарева,Ж,61,2023-12-29 13:12:58,5245.44,PPXWO8AE,Ювелирные изделия,Новокузнецк,Стандарт
414,Святослав,Савельев,М,46,2023-06-03 04:20:25,8278.43,4GZ6FEPS,Аренда автомобилей,Санкт-Петербург,Стандарт
415,Евдокия,Сидорова,Ж,27,2023-08-27 21:44:46,5269.38,9QZX2DWY,Кафе,Челябинск,Стандарт
416,Август,Филиппов,М,25,2023-12-18 21:14:15,7349.22,3QNW8I5G,Сантехника,Казань,Стандарт
417,Глафира,Абрамова,Ж,24,2022-08-05 21:40:36,5559.03,BB9OI8IR,Продукты,Владивосток,Стандарт
418,Таисия,Родионова,Ж,46,2023-02-02 02:18:14,8438.14,86YUZH6C,Сантехника,Владивосток,Стандарт
419,Август,Маслов,М,22,2023-04-04 13:25:30,8235.49,4KY82K5G,Супермаркеты,Ульяновск,Стандарт
420,Радмила,Назарова,Ж,59,2023-11-01 06:54:46,5212.01,8DS2K4GR,Спортивные товары,Владивосток,Стандарт
421,Ада,Покровская,Ж,38,2023-05-18 12:51:02,4007.77,R19HP6AL,Бытовая химия,Барнаул,Стандарт
422,Лидия,Филиппова,Ж,37,2022-10-27 20:37:44,5597.19,75OR8OSR,Страхование,Томск,Стандарт
423,Нина,Маслова,Ж,20,2022-01-02 16:43:59,4628.51,7EMFL9R9,Сантехника,Челябинск,Стандарт
424,Виолетта,Покровская,Ж,48,2024-03-22 09:56:45,5856.14,QMEL3DKM,Хозяйственные товары,Омск,Стандарт
425,Лука,Комаров,М,33,2022-04-29 04:38:10,5071.23,OU8NSIE7,Автомойка,Кемерово,Стандарт
426,Нинель,Воронина,Ж,51,2023-11-30 05:27:51,5026.52,SPYRFU85,Телекоммуникации,Челябинск,Стандарт
427,Гордей,Киселев,М,30,2023-08-18 01:54:17,3617.67,OVN25Q7D,Спортивные товары,Тольятти,Стандарт
428,Гавриил,Герасимов,М,24,2023-07-01 03:40:32,10243.21,1IY7K2WZ,Автомойка,Барнаул,Стандарт
429,Юлий,Филатов,М,20,2024-03-17 03:37:45,5715.47,ZWA79XBU,Игрушки,Оренбург,Стандарт
430,Агата,Полякова,Ж,73,2024-01-10 00:28:37,5028.6,54R8QMVU,Офисное оборудование,Кемерово,Стандарт
431,Леокадия,Добрынина,Ж,40,2023-10-31 06:16:16,10492.56,QIR4MXV5,Одежда,Уфа,Стандарт
432,Злата,Селезнева,Ж,20,2023-12-28 16:11:38,3984.47,95YT5H73,Офисное оборудование,Уфа,Стандарт
433,Виолетта,Карпова,Ж,73,2024-04-02 18:55:02,6172.41,CHAV86EO,Телекоммуникации,Ярославль,Стандарт
434,Юлиана,Зайцева,Ж,30,2023-11-11 14:22:25,5754.73,536MAXY8,Почтовые услуги,Саратов,Стандарт
435,Эмиль,Голубев,М,35,2023-11-29 10:30:59,8140.3,C9HXULCQ,Бытовая химия,Кемерово,Стандарт
436,Родион,Коновалов,М,42,2022-12-31 12:56:33,6475.1,5G40A0ZQ,Сантехника,Новокузнецк,Стандарт
437,Станислав,Коновалов,М,71,2023-06-02 17:47:55,8740.02,JMQ3Z6EO,Доставка еды,Волгоград,Стандарт
438,Тамара,Маслова,Ж,29,2022-02-23 16:21:34,7627.54,JJ9YZZUC,Телекоммуникации,Ижевск,Стандарт
439,Игнатий,Филиппов,М,72,2022-11-12 17:26:48,8164.37,2KSP3KZB,Телекоммуникации,Красноярск,Стандарт
440,Анжелика,Ковалева,Ж,25,2022-06-22 12:03:52,5915.83,X16OH4WB,Сантехника,Барнаул,Стандарт
441,Тимур,Тихомиров,М,63,2024-02-16 14:37:42,5770.35,S9P6M205,Телекоммуникации,Ульяновск,Стандарт
442,Клавдия,Комарова,Ж,72,2023-01-25 18:38:12,7000.26,HLSLX73R,Туристические услуги,Новокузнецк,Стандарт
443,Ладислав,Карпов,М,43,2024-02-23 12:49:46,7771.94,OXYCXJ0U,Игры и ПО,Томск,Стандарт
444,Лиана,Мартынова,Ж,18,2024-03-06 23:54:43,4218.55,TZ0Z74CS,Автомобильные услуги,Казань,Стандарт
445,Людмила,Лукина,Ж,19,2022-10-08 14:00:06,6644.33,Q13VQW6H,Парфюмерия,Ульяновск,Стандарт
446,Любовь,Романова,Ж,33,2024-03-25 01:39:13,7175.36,9E4VWPLC,Туристические услуги,Кемерово,Стандарт
447,Лада,Родионова,Ж,30,2022-11-21 20:11:00,2226.49,GW1ZS03W,Салоны красоты,Тольятти,Стандарт
448,Радмила,Федотова,Ж,74,2024-02-19 14:45:58,9133.76,B1R49WFX,Игры и ПО,Ульяновск,Стандарт
449,Галина,Филатова,Ж,26,2022-12-01 19:52:37,6690.26,2YYXNT6O,Ювелирные изделия,Ростов-на-Дону,Стандарт
450,Регина,Жукова,Ж,28,2023-05-24 23:22:28,5586.86,UZLHTW31,Туристические услуги,Владивосток,Стандарт
451,Анжелика,Воронина,Ж,57,2023-08-29 04:26:01,3302.85,99SWIBOY,Автомобильные услуги,Тольятти,Стандарт
452,Захар,Филиппов,М,18,2023-06-22 23:33:11,4762.89,JW0VMQAU,Цветы,Новосибирск,Стандарт
453,Альберт,Власов,М,74,2022-05-09 01:11:17,5590.58,9QBY0IC4,Супермаркеты,Новосибирск,Стандарт
454,Лада,Данилова,Ж,44,2023-04-26 10:27:28,7866.89,RVGDLMSQ,Компьютеры и периферия,Ярославль,Стандарт
455,Клавдия,Покровская,Ж,23,2022-09-12 22:02:58,4753.92,PBJY33FU,Канцтовары,Волгоград,Стандарт
456,Игнатий,Фомин,М,59,2022-08-01 21:41:35,5565.79,OKJ8K2AO,Развлечения,Краснодар,Премиум
457,Яна,Ефимова,Ж,57,2022-04-30 09:53:29,3720.59,IAHHEWZ0,Фототовары,Ижевск,Стандарт
458,Татьяна,Быкова,Ж,32,2022-06-12 13:39:22,5848.47,BH9ZRDR7,Книги,Волгоград,Стандарт
459,Елизарова,Тарасова,Ж,40,2023-10-22 00:38:59,3500.93,BH3XKVIC,Доставка еды,Ижевск,Стандарт
460,Изабелла,Ильина,Ж,39,2023-05-27 15:59:51,9253.79,9V5ZEE1S,Образование,Тюмень,Стандарт
461,Эльдар,Гаврилов,М,42,2023-01-07 17:56:17,5173.65,64JWQFH3,Туристические услуги,Тольятти,Стандарт
462,Милана,Климова,Ж,46,2022-11-25 07:52:54,6813.19,UXUJNEGI,Продукты,Кемерово,Стандарт
463,Жанна,Куликова,Ж,58,2022-10-28 11:06:26,4905.92,RJOD6C0T,Товары для дома,Томск,Стандарт
464,Жанна,Исаева,Ж,50,2023-07-11 03:20:18,1952.98,52IHCHBG,Почтовые услуги,Ульяновск,Стандарт
465,Милана,Власова,Ж,54,2024-04-15 23:05:05,8546.07,MIDNMD6V,Салоны красоты,Барнаул,Стандарт
466,Анжелика,Голубева,Ж,24,2023-03-18 02:18:52,8206.03,6NZ4FCCO,Музыкальные инструменты,Томск,Стандарт
467,Гордей,Мельников,М,67,2023-07-18 06:52:51,3543.08,4X1DNR3D,Доставка еды,Новокузнецк,Стандарт
468,Радмила,Голубева,Ж,24,2022-07-25 12:00:25,6892.03,H8ZY8WT3,Автомойка,Волгоград,Стандарт
469,Адриан,Климов,М,62,2022-04-17 05:49:50,6987.59,T7A80266,Салоны красоты,Новокузнецк,Стандарт
470,Таисия,Филатова,Ж,58,2022-04-22 05:30:10,5211.67,6K7AP1XI,Телекоммуникации,Томск,Стандарт
471,Лиана,Мартынова,Ж,55,2022-08-05 15:09:40,5534.33,M9F60A6E,Фитнес-клубы,Ижевск,Стандарт
472,Клим,Яковлев,М,59,2024-02-22 17:53:07,6558.62,JM8FGYQJ,Фитнес-клубы,Тюмень,Стандарт
473,Филипп,Миронов,М,68,2023-03-03 23:46:57,4944.33,R5KPK6OH,Фототовары,Владивосток,Стандарт
474,Светозар,Маслов,М,27,2023-04-18 15:12:44,7712.82,IJRYRIZO,Сувениры,Ижевск,Стандарт
475,Евгения,Егорова,Ж,48,2023-03-11 03:20:53,6120.32,NRWEN4Y4,Доставка еды,Тюмень,Стандарт
476,Глафира,Крылова,Ж,57,2022-11-14 10:28:04,5886.63,K2O15RD2,Музыкальные инструменты,Краснодар,Стандарт
477,Август,Покровский,М,45,2023-04-13 22:48:05,3575.86,GKBGJQY0,Офисное оборудование,Ульяновск,Стандарт
478,Ефросинья,Макарова,Ж,47,2023-09-04 06:44:13,6070.84,BL4Z44H7,Аптека,Ульяновск,Стандарт
479,Давид,Исаев,М,34,2022-02-02 03:49:06,2306.76,BSNH7VPS,Сувениры,Ярославль,Премиум
480,Регина,Воронина,Ж,45,2023-06-09 18:06:39,5460.37,7VKLLLDU,Детские товары,Воронеж,Стандарт
481,Платон,Кузьмин,М,37,2024-02-02 07:16:03,4105.75,IU18N0NR,Медикаменты,Ростов-на-Дону,Стандарт
482,Анжелика,Виноградова,Ж,27,2023-02-26 11:48:12,5588.14,GGXAUZUN,Цветы,Ульяновск,Премиум
483,Виктория,Жукова,Ж,40,2023-08-19 02:21:04,7273.64,PB05KVQ7,Канцтовары,Тюмень,Стандарт
484,Эмиль,Лазарев,М,52,2024-02-13 04:42:47,3457.64,250QL6KU,Телекоммуникации,Махачкала,Стандарт
485,Радмила,Ефимова,Ж,24,2024-01-02 11:28:29,6063.12,XDUQKQV0,Детские товары,Тольятти,Стандарт
486,Клара,Воронина,Ж,41,2022-03-19 11:09:23,6537.32,33PQPBS9,Офисное оборудование,Тольятти,Стандарт
487,Клим,Куликов,М,32,2024-03-13 03:14:57,5880.53,JHGLN890,Сантехника,Новокузнецк,Стандарт
488,Наталья,Родионова,Ж,54,2023-10-28 10:50:30,4150.72,6CY5NE8T,Ювелирные изделия,Волгоград,Стандарт
489,Клавдия,Орлова,Ж,28,2024-04-23 17:27:14,8344.64,VO7RHE3J,Канцтовары,Тольятти,Стандарт
490,Эльдар,Комаров,М,47,2022-05-07 00:40:33,5821.94,7WCVWDAM,Телекоммуникации,Саратов,Стандарт
491,Эмиль,Гусев,М,45,2022-01-22 06:27:59,4569.21,3CWP328P,Бытовая химия,Самара,Стандарт
492,Регина,Щербакова,Ж,36,2023-08-09 07:06:42,7705.31,5Z1UD6KT,Сувениры,Воронеж,Стандарт
493,Олеся,Куликова,Ж,50,2022-02-06 23:41:29,6738.08,S4ZBB1M9,Салоны красоты,Волгоград,Стандарт
494,Леокадия,Карпова,Ж,68,2023-05-26 04:11:20,7108.81,1DUAIE5A,Телекоммуникации,Томск,Стандарт
495,Альфред,Воронин,М,51,2022-01-14 23:15:30,9000.1,MBH92NE8,Бытовая химия,Томск,Стандарт
496,Ксения,Дмитриева,Ж,40,2022-08-24 01:48:05,6799.99,RI6FN7HW,Аренда автомобилей,Саратов,Стандарт
497,Тимур,Мельников,М,48,2023-09-02 20:31:00,7453.86,N11J5DTS,Салоны красоты,Челябинск,Стандарт
498,Лилия,Мельникова,Ж,58,2024-02-11 02:00:51,10204.16,H8J26WJW,Игрушки,Барнаул,Стандарт
499,Лиана,Соловьева,Ж,23,2023-06-09 03:46:59,12000.0,IOQQIBR4,Почтовые услуги,Махачкала,Стандарт
500,Олеся,Ефимова,Ж,57,2023-06-09 05:24:40,4155.07,M6LCIPPZ,Компьютеры и периферия,Тольятти,Стандарт
501,Ника,Селезнева,Ж,35,2024-02-09 06:43:50,7188.55,85EO3ML2,Бытовая химия,Ижевск,Стандарт
502,Никита,Ефимов,М,24,2022-11-17 09:59:36,3955.67,LAR8HG5M,Аптека,Тольятти,Стандарт
503,Серафим,Давыдов,М,75,2022-03-06 21:45:30,7459.66,C81FFH22,Образование,Тольятти,Стандарт
504,Бронислав,Беляев,М,41,2023-05-15 08:59:05,5067.04,UBV8PT8R,Игры и ПО,Махачкала,Стандарт
505,Нинель,Лазарева,Ж,75,2023-01-16 05:02:26,9028.76,QAGGZAD0,Ювелирные изделия,Томск,Стандарт
506,Глеб,Ильин,М,36,2023-10-05 08:37:48,3179.64,VKP39HL0,Автомойка,Барнаул,Стандарт
507,Анатолий,Власов,М,31,2023-01-03 23:29:11,3724.58,VUCZV5VZ,Игры и ПО,Новокузнецк,Стандарт
508,Родион,Ефимов,М,28,2022-10-28 15:33:17,5670.57,HRIUNX6U,Мебель,Оренбург,Стандарт
509,Регина,Соловьева,Ж,53,2022-05-01 23:03:18,6818.18,GC32WMU5,Ювелирные изделия,Ярославль,Стандарт
510,Тимур,Карпов,М,35,2023-02-19 07:09:21,7491.68,PB6JGF77,Супермаркеты,Самара,Стандарт
511,Ефросинья,Калинина,Ж,26,2024-02-27 14:08:31,7875.46,0QY3J0GS,Образование,Тольятти,Премиум
512,Кира,Тихомирова,Ж,45,2022-05-27 01:57:05,9422.16,JFF0RD0Q,Страхование,Тольятти,Стандарт
513,Гавриил,Фомин,М,66,2022-03-06 22:28:40,6471.29,M8J7AT3F,Гостиницы,Ярославль,Стандарт
514,Ефросинья,Селезнева,Ж,31,2022-02-18 12:26:25,8711.7,YEATBEH2,Супермаркеты,Ростов-на-Дону,Стандарт
515,Августа,Тарасова,Ж,69,2022-06-06 23:30:52,5444.06,8C3SZQSV,Офисное оборудование,Тольятти,Стандарт
516,Альбина,Фомина,Ж,71,2024-04-22 01:03:48,5184.29,LEJOH6LO,Цветы,Новокузнецк,Стандарт
517,Жанна,Калинина,Ж,27,2023-04-28 02:04:44,8220.0,8TAALKK9,Ювелирные изделия,Махачкала,Стандарт
518,Ростислав,Назаров,М,66,2022-03-11 22:08:27,7043.68,XD5CMO49,Игры и ПО,Самара,Стандарт
519,Ника,Селезнева,Ж,68,2023-12-19 05:07:37,7085.76,M0PJED5S,Туристические услуги,Новокузнецк,Стандарт
520,Богдан,Исаев,М,58,2023-10-02 01:02:12,6042.98,2NIIALQD,Страхование,Краснодар,Стандарт
521,Екатерина,Сидорова,Ж,35,2024-02-01 13:50:32,5731.21,W8AYN3TN,Телекоммуникации,Барнаул,Стандарт
522,Диана,Тимофеева,Ж,59,2022-06-06 06:02:57,9823.06,U8WLJCZC,Офисное оборудование,Саратов,Стандарт
523,Семён,Исаев,М,69,2024-04-09 15:43:36,6124.49,0YU6DOYN,Медикаменты,Владивосток,Стандарт
524,София,Филатова,Ж,29,2022-08-01 18:12:18,7151.5,AYI4QGHM,Салоны красоты,Иркутск,Стандарт
525,Римма,Федотова,Ж,68,2024-03-31 10:19:14,8077.02,YYJUVYXJ,Автомойка,Ульяновск,Стандарт
526,Мирослав,Воронин,М,55,2022-04-07 14:33:04,6716.17,WD8QEHW8,Товары для дома,Иркутск,Стандарт
527,Лиана,Исаева,Ж,51,2022-11-06 15:52:36,6433.72,8CX9K9WR,Фототовары,Воронеж,Стандарт
528,Пётр,Пономарев,М,40,2022-07-09 17:44:16,6875.01,O2CNVFHW,Сантехника,Краснодар,Стандарт
529,Ада,Чернышева,Ж,19,2024-04-27 07:51:13,8621.95,L4OLEAKN,Канцтовары,Оренбург,Стандарт
530,Варя,Афанасьева,Ж,39,2023-05-14 05:11:14,3419.38,3TLDQ1K7,Фототовары,Челябинск,Стандарт
531,Елизавета,Власова,Ж,20,2023-02-25 11:55:41,7014.28,D7HKCBJF,Сантехника,Ульяновск,Стандарт
532,Альфред,Карпов,М,31,2023-10-28 12:01:31,2878.83,5U53UWHD,Аренда автомобилей,Ярославль,Стандарт
533,Гордей,Медведев,М,65,2024-03-15 07:21:29,7071.8,0L3HX870,Автомойка,Красноярск,Стандарт
534,Надежда,Покровская,Ж,64,2022-06-08 02:31:40,8341.68,LLNATEY0,Зоотовары,Иркутск,Премиум
535,Герман,Романов,М,65,2022-08-15 10:07:40,5908.06,TN7GTJBK,Зоотовары,Новокузнецк,Стандарт
536,Нинель,Григорьева,Ж,33,2023-08-06 03:56:16,9235.34,B8F1EYRP,Туристические услуги,Томск,Стандарт
537,София,Исаева,Ж,67,2022-07-20 15:24:36,5203.23,4EINBB9F,Ювелирные изделия,Махачкала,Премиум
538,Эльдар,Исаев,М,65,2023-06-26 16:51:50,6068.52,8AMGDJ4N,Игрушки,Махачкала,Стандарт
539,Пелагея,Данилова,Ж,67,2023-08-25 16:34:07,3337.15,8OVRWM3L,Игры и ПО,Краснодар,Стандарт
540,Полина,Антонова,Ж,75,2024-04-28 10:32:57,6560.56,D8MPUGFV,Музыкальные инструменты,Саратов,Стандарт
541,Ярослав,Калинин,М,36,2023-01-23 01:02:07,6890.69,3XRGIRF8,Игры и ПО,Кемерово,Стандарт
542,Марина,Климова,Ж,73,2022-05-15 21:46:16,4152.96,YR3Z03CY,Телекоммуникации,Волгоград,Стандарт
543,Адам,Киселев,М,59,2022-08-29 20:48:59,4646.75,18DOQGQ3,Сантехника,Нижний Новгород,Стандарт
544,Марат,Давыдов,М,42,2024-01-23 07:41:37,6487.49,3VO4HVC4,Туристические услуги,Махачкала,Стандарт
545,Карина,Сидорова,Ж,36,2023-09-18 09:34:45,4757.54,MVKYLHBE,Супермаркеты,Томск,Стандарт
546,Юлиан,Майоров,М,53,2022-03-31 11:12:04,10103.01,4T0ZESVW,Телекоммуникации,Оренбург,Стандарт
547,Леокадия,Чернышева,Ж,40,2022-02-17 03:31:47,2958.44,649WJF0O,Билеты на мероприятия,Новокузнецк,Стандарт
548,Нонна,Коновалова,Ж,27,2022-07-14 02:11:09,6385.24,5JH03CP5,Доставка еды,Красноярск,Премиум
549,Бронислав,Медведев,М,37,2022-02-11 07:46:43,5874.39,Q0FNV44R,Аптека,Ульяновск,Стандарт
550,Ольга,Маркова,Ж,60,2022-11-10 19:32:16,7824.92,PEAG1K6O,Сантехника,Ижевск,Стандарт
551,Валерия,Власова,Ж,55,2022-06-06 02:34:12,7198.69,GGIWQWSW,Ювелирные изделия,Ярославль,Стандарт
552,Рустам,Быков,М,22,2022-05-10 02:03:46,6124.59,6AJD1GBS,Продукты,Ярославль,Стандарт
553,Евдокия,Осипова,Ж,55,2022-01-08 16:59:39,4856.52,Y92YK40W,Автомобильные услуги,Саратов,Стандарт
554,Олеся,Калинина,Ж,61,2022-07-11 07:22:09,7262.42,GMGK6M8F,Сувениры,Ярославль,Стандарт
555,Радмила,Мартынова,Ж,65,2022-10-08 19:04:47,4693.77,9N75PS6G,Аренда автомобилей,Уфа,Стандарт
556,Илона,Чернышева,Ж,52,2023-01-06 12:32:26,5310.74,1RRANIYH,Спортивные товары,Тольятти,Стандарт
557,Альберт,Власов,М,37,2023-12-17 06:41:16,7490.14,KWDSXQ8M,Салоны красоты,Пермь,Стандарт
558,Тихон,Ковалев,М,41,2024-02-14 03:58:42,3560.31,CWWQ11LK,Автозапчасти,Тольятти,Стандарт
559,Альбина,Тарасова,Ж,55,2023-08-30 04:45:08,2436.15,XYMZ5E09,Обувь,Саратов,Стандарт
560,Ульяна,Лукина,Ж,48,2024-03-18 07:27:25,6899.68,QPMZRVAA,Компьютеры и периферия,Тольятти,Стандарт
561,Серафим,Пономарев,М,42,2022-06-26 01:27:34,9462.26,DUV649KY,Ювелирные изделия,Волгоград,Стандарт
562,Ева,Денисова,Ж,22,2024-01-08 04:41:35,8271.2,TE3TBJUB,Игры и ПО,Тюмень,Стандарт
563,Людмила,Морозова,Ж,64,2023-09-08 14:22:19,2891.35,JPH2RN8I,Фитнес-клубы,Челябинск,Стандарт
564,Юлиана,Андреева,Ж,74,2023-10-01 19:49:43,3500.37,D1HKHD9Z,Детские товары,Ульяновск,Стандарт
565,Капитолина,Голубева,Ж,31,2022-09-02 10:23:39,5970.75,35ULNVVA,Товары для дома,Новокузнецк,Стандарт
566,Евдокия,Родионова,Ж,48,2022-07-15 21:56:07,8167.02,2D747I5R,Обувь,Кемерово,Стандарт
567,Богдан,Баранов,М,27,2023-11-01 06:06:44,7267.35,15WC6SMM,Продукты,Краснодар,Стандарт
568,Игорь,Маслов,М,57,2023-09-20 14:38:38,5128.68,L5SOVGJ4,Медикаменты,Уфа,Стандарт
569,Пелагея,Павлова,Ж,26,2022-01-14 08:58:04,7184.57,8MQZRC8W,Автозапчасти,Ульяновск,Стандарт
570,Эдуард,Климов,М,71,2022-04-22 10:18:11,3903.42,TMCMGNOR,Сантехника,Новокузнецк,Стандарт
571,Ефросинья,Лазарева,Ж,46,2022-02-23 23:21:12,5873.32,D2ALESXI,Товары для дома,Уфа,Стандарт
572,Алевтина,Данилова,Ж,60,2022-11-17 23:24:39,11674.57,REQTIXLH,Страхование,Тюмень,Премиум
573,Игнатий,Титов,М,34,2023-09-25 14:49:14,3149.46,WT3AR0EM,Бытовая химия,Пермь,Стандарт
574,Август,Филатов,М,55,2022-09-09 12:39:56,5603.45,WA91NZ0H,Товары для дома,Краснодар,Стандарт
575,Нонна,Виноградова,Ж,58,2023-01-22 22:24:23,5403.87,EJ33T6IA,Почтовые услуги,Оренбург,Стандарт
576,Арнольд,Дмитриев,М,54,2022-06-24 14:11:45,8049.88,IHVH3YN3,Сантехника,Челябинск,Стандарт
577,Лада,Гусева,Ж,40,2022-10-25 01:28:20,7266.74,FYFDZOHI,Гостиницы,Новокузнецк,Стандарт
578,Ярослав,Майоров,М,20,2022-07-29 10:10:15,6201.94,YFL4EA8I,Аренда автомобилей,Тольятти,Стандарт
579,Виолетта,Медведева,Ж,61,2022-12-03 09:52:17,9786.46,GG18717P,Хозяйственные товары,Томск,Стандарт
580,Евграф,Титов,М,37,2023-05-07 02:33:58,5221.12,I1GTF37N,Товары для дома,Барнаул,Стандарт
581,Наталья,Филатова,Ж,53,2022-11-17 03:41:12,2638.53,VSSX21X6,Сантехника,Тюмень,Стандарт
582,Илона,Борисова,Ж,34,2023-04-14 02:27:21,6759.89,MSPZMJ35,Фототовары,Новокузнецк,Стандарт
583,Анатолий,Александров,М,22,2023-05-13 18:06:37,5567.65,IXJRW4QK,Фитнес-клубы,Челябинск,Стандарт
584,Юлий,Родионов,М,41,2023-08-13 02:16:12,5895.69,YZ3QPURL,Музыкальные инструменты,Ульяновск,Стандарт
585,Ева,Данилова,Ж,45,2022-07-29 17:33:58,3863.08,VWDK70GK,Канцтовары,Ижевск,Стандарт
586,Радмила,Маслова,Ж,52,2023-06-10 19:24:03,5936.62,WPE3QF4H,Обувь,Волгоград,Стандарт
587,Дана,Сидорова,Ж,49,2023-04-30 09:53:33,7836.52,X7GKJM5Y,Цветы,Самара,Стандарт
588,Ариадна,Родионова,Ж,49,2022-08-25 19:01:06,5050.54,H94AB15X,Компьютеры и периферия,Ижевск,Стандарт
589,Гавриил,Денисов,М,42,2023-10-23 22:38:22,2597.14,19V4IW67,Ювелирные изделия,Казань,Стандарт
590,Бронислав,Ковалев,М,29,2024-04-25 02:51:46,6911.02,7PIS00K6,Товары для дома,Новосибирск,Стандарт
591,Ариадна,Покровская,Ж,32,2023-02-15 07:14:37,4590.21,Y46WM502,Почтовые услуги,Краснодар,Стандарт
592,Станислав,Тихомиров,М,18,2022-11-23 07:11:21,6912.24,DP0X20YT,Музыкальные инструменты,Тюмень,Стандарт
593,Эльдар,Карпов,М,74,2023-08-13 00:47:04,3877.54,S57LWE6H,Аренда автомобилей,Тольятти,Стандарт
594,Гордей,Орлов,М,33,2023-05-10 18:27:43,5130.99,5KFJP8FE,Доставка еды,Воронеж,Стандарт
595,Алексей,Тарасов,М,38,2023-09-21 09:29:36,5820.01,V67ZZJGC,Зоотовары,Махачкала,Стандарт
596,Ладислав,Герасимов,М,26,2023-03-21 20:18:00,4611.44,VP5HSPGS,Аренда автомобилей,Красноярск,Стандарт
597,Лиана,Николаева,Ж,62,2023-01-16 01:30:25,4474.76,GRYIHN9V,Товары для дома,Томск,Стандарт
598,Адам,Баранов,М,21,2022-04-04 05:47:26,8393.23,IBFO21FH,Аксессуары,Ростов-на-Дону,Стандарт
599,Ладислав,Ефимов,М,66,2022-01-28 11:52:43,5558.5,1TDUUONI,Сантехника,Кемерово,Стандарт
600,Пелагея,Лебедева,Ж,50,2024-01-23 21:11:10,4423.39,67L9AZH9,Музыкальные инструменты,Ростов-на-Дону,Стандарт
601,Артемий,Никитин,М,45,2022-09-04 20:54:57,4686.31,W1U1H49G,Парфюмерия,Тюмень,Стандарт
602,Божена,Добрынина,Ж,41,2023-03-22 21:48:19,4848.98,RW5PUTQ2,Телекоммуникации,Ульяновск,Премиум
603,Агнесса,Покровская,Ж,45,2022-04-10 07:47:58,8811.93,DL3SU2HM,Мебель,Санкт-Петербург,Стандарт
604,Вячеслав,Николаев,М,72,2022-03-26 17:24:27,5857.53,NJXYYKWE,Офисное оборудование,Барнаул,Стандарт
605,Надежда,Савельева,Ж,68,2023-09-12 13:04:11,3410.95,9DMPW8FB,Бытовая химия,Саратов,Стандарт
606,Надежда,Лазарева,Ж,38,2023-07-27 14:07:44,3316.56,3B1Q18JJ,Образование,Красноярск,Стандарт
607,Раиса,Морозова,Ж,31,2024-04-17 06:34:32,7640.15,H1HT7XHU,Детские товары,Ростов-на-Дону,Стандарт
608,Любава,Тарасова,Ж,59,2023-06-11 14:08:59,6949.6,9QOPR3LB,Фототовары,Казань,Стандарт
609,Изабелла,Сергеева,Ж,41,2023-03-16 03:36:13,7958.07,O1TUMNBD,Офисное оборудование,Барнаул,Стандарт
610,Зинаида,Куликова,Ж,30,2023-01-04 03:26:08,6627.32,STBX6CVP,Бытовая техника,Ульяновск,Стандарт
611,Вениамин,Белов,М,62,2023-03-17 19:29:26,3642.72,HUNG0V72,Игры и ПО,Красноярск,Стандарт
612,Викентий,Матвеев,М,25,2022-04-12 04:31:35,6249.44,VWTR1SRB,Гостиницы,Барнаул,Стандарт
613,Клавдия,Афанасьева,Ж,46,2023-08-19 19:55:31,7445.91,TI2TZCFS,Страхование,Новокузнецк,Стандарт
614,Амелия,Герасимова,Ж,50,2023-11-29 22:56:21,8747.82,RCV31QDL,Сантехника,Оренбург,Стандарт
615,Юлиана,Лазарева,Ж,67,2022-04-24 16:02:01,7755.47,ZRWEMIK9,Автозапчасти,Ростов-на-Дону,Стандарт
616,Валерий,Борисов,М,34,2023-07-02 22:57:39,4753.07,WY4EQFST,Фототовары,Нижний Новгород,Стандарт
617,Лилия,Лазарева,Ж,28,2024-02-15 09:59:16,3238.17,NAURGU0C,Автомойка,Новокузнецк,Стандарт
618,Ольга,Попова,Ж,23,2023-08-05 15:48:20,8865.75,363428QF,Салоны красоты,Владивосток,Стандарт
619,Ростислава,Королева,Ж,44,2022-07-17 23:26:36,4198.58,PCCE7ZNV,Детские товары,Уфа,Стандарт
620,Эмиль,Миронов,М,45,2023-02-17 07:41:31,6099.67,G7LWPQSW,Аптека,Кемерово,Стандарт
621,Тимур,Осипов,М,46,2023-02-06 04:34:21,7081.79,67OPAU2F,Косметика,Воронеж,Стандарт
622,Радмила,Коновалова,Ж,60,2022-11-12 15:57:32,5655.18,2YA9HEID,Почтовые услуги,Ярославль,Стандарт
623,Антонина,Белова,Ж,66,2024-03-14 20:32:15,5804.17,AW6F1XGK,Салоны красоты,Томск,Стандарт
624,Изабелла,Киселева,Ж,22,2023-09-29 19:03:02,7270.76,KVJQIEMQ,Страхование,Томск,Стандарт
625,Анатолий,Антонов,М,43,2022-06-24 07:27:19,5615.65,5JZ2PWMA,Электроника,Волгоград,Стандарт
626,Егор,Семенов,М,18,2023-10-22 11:03:28,5587.78,GP12NABF,Страхование,Саратов,Премиум
627,Ксения,Покровская,Ж,74,2022-09-15 10:01:30,8266.58,MIW7EXWC,Продукты,Томск,Стандарт
628,Виолетта,Беляева,Ж,36,2023-08-19 22:18:33,7595.97,QIDF2U1B,Почтовые услуги,Красноярск,Стандарт
629,Клара,Герасимова,Ж,61,2022-05-26 15:55:10,5325.35,XZBZCUFK,Игрушки,Новокузнецк,Стандарт
630,Ян,Марков,М,54,2022-01-28 01:34:43,7995.35,FC6AOOGV,Автозапчасти,Омск,Стандарт
631,Капитолина,Матвеева,Ж,59,2023-04-06 18:08:52,7998.83,MQI1QXEG,Ювелирные изделия,Барнаул,Стандарт
632,Ян,Тарасов,М,24,2022-09-08 13:06:28,5902.12,PTFTD6TS,Аксессуары,Владивосток,Стандарт
633,Фёдор,Ильин,М,47,2022-06-02 13:05:01,4995.86,2QUSVAX3,Аптека,Ярославль,Стандарт
634,Дана,Медведева,Ж,45,2022-05-08 09:59:52,4538.84,7Q0J7CN6,Продукты,Томск,Стандарт
635,Регина,Калинина,Ж,21,2022-04-21 16:01:11,5274.43,2NHEGPCL,Аксессуары,Челябинск,Стандарт
636,Таисия,Александрова,Ж,28,2024-03-02 09:31:10,7920.37,F3UB2YWB,Телекоммуникации,Иркутск,Стандарт
637,Святослав,Андреев,М,54,2024-04-26 22:33:19,8652.31,NG280P8L,Строительные материалы,Новокузнецк,Стандарт
638,Ия,Лазарева,Ж,27,2023-08-12 06:20:35,4030.03,QI3QSKFR,Доставка еды,Челябинск,Премиум
639,Ефросинья,Давыдова,Ж,62,2023-08-20 06:10:37,1902.09,TPQ3ENF4,Автомойка,Екатеринбург,Стандарт
640,Ольга,Абрамова,Ж,34,2023-09-06 16:47:43,6774.48,2SHEMZSJ,Автозапчасти,Волгоград,Стандарт
641,Светозар,Баранов,М,27,2022-03-31 17:25:02,3227.05,1E5MFC2S,Туристические услуги,Саратов,Стандарт
642,Галина,Герасимова,Ж,27,2023-04-05 22:07:46,4570.56,OAPJK576,Автозапчасти,Томск,Стандарт
643,Нинель,Медведева,Ж,23,2022-09-05 23:59:44,4722.01,0WW0VJR9,Автомойка,Кемерово,Стандарт
644,Анжела,Куликова,Ж,36,2023-08-19 06:37:16,8765.49,N9AR82OC,Офисное оборудование,Оренбург,Стандарт
645,Савелий,Родионов,М,41,2022-12-10 23:15:10,6079.34,DVDOLEAN,Офисное оборудование,Уфа,Стандарт
646,Нинель,Денисова,Ж,44,2024-01-28 05:28:58,5626.49,Q5KTFAZY,Офисное оборудование,Махачкала,Стандарт
647,Татьяна,Павлова,Ж,30,2022-11-16 05:44:25,9355.2,XK6RVT9A,Детские товары,Ярославль,Стандарт
648,Альбина,Лукина,Ж,51,2024-03-06 22:41:17,6513.81,PRPJMR73,Бытовая химия,Ульяновск,Стандарт
649,Анжелика,Миронова,Ж,32,2023-12-01 17:04:26,8707.56,O8DER5HF,Салоны красоты,Кемерово,Стандарт
650,Злата,Козлова,Ж,59,2022-09-06 05:48:35,5729.41,Y02KS3BD,Фототовары,Владивосток,Стандарт
651,Светлана,Волкова,Ж,67,2022-03-22 21:58:40,741.71,SUWAUSDL,Телекоммуникации,Тольятти,Стандарт
652,Нина,Максимова,Ж,22,2023-03-20 23:43:10,2747.19,JOQACVFG,Салоны красоты,Красноярск,Стандарт
653,Демид,Сорокин,М,47,2022-03-05 03:08:52,4298.74,H1EM94ZG,Ювелирные изделия,Томск,Стандарт
654,Мария,Тихомирова,Ж,71,2022-10-08 17:39:50,6321.66,VOH1DYTX,Парфюмерия,Махачкала,Стандарт
655,Платон,Ковалев,М,39,2023-07-21 06:23:17,4264.94,2G06X32X,Детские товары,Саратов,Стандарт
656,Лидия,Калинина,Ж,60,2024-01-23 04:48:32,7358.89,R6XPDXVH,Зоотовары,Саратов,Стандарт
657,Леокадия,Андреева,Ж,50,2022-06-22 02:13:25,6145.68,VVHBCH56,Косметика,Кемерово,Стандарт
658,Артемий,Титов,М,50,2024-04-23 01:44:53,5760.96,AQ98C0E1,Игры и ПО,Владивосток,Стандарт
659,Альфред,Абрамов,М,56,2023-04-13 09:46:16,3783.47,2BBXGDIC,Товары для дома,Владивосток,Стандарт
660,Филипп,Титов,М,33,2023-12-11 18:53:25,6612.79,8W5XZI94,Косметика,Ульяновск,Стандарт
661,Даниил,Пономарев,М,63,2022-12-29 23:58:34,5256.87,WZUV9D7Z,Образование,Владивосток,Стандарт
662,Елисей,Комаров,М,75,2023-05-11 01:52:04,3535.36,N0O9NXD7,Аренда автомобилей,Оренбург,Стандарт
663,Сильвестр,Миронов,М,38,2023-11-07 05:13:51,8189.07,SZRW359Y,Аптека,Красноярск,Стандарт
664,Кира,Прохорова,Ж,45,2022-04-01 19:15:12,8569.71,67AF6G19,Спортивные товары,Томск,Стандарт
665,Тарас,Герасимов,М,48,2024-03-29 23:40:13,3623.89,OZ55NMIG,Почтовые услуги,Ижевск,Стандарт
666,Лилия,Климова,Ж,47,2022-10-04 19:14:17,4181.0,QL7DEN1E,Доставка еды,Новокузнецк,Стандарт
667,Серафима,Карпова,Ж,42,2022-04-11 05:01:43,4465.49,VRKEWSG6,Обувь,Тольятти,Стандарт
668,Альфред,Воробьев,М,34,2023-08-15 22:56:13,6035.45,Y6EXFKUF,Образование,Ростов-на-Дону,Стандарт
669,Яна,Власова,Ж,73,2022-09-30 15:06:07,6322.27,ON6YYLVF,Косметика,Самара,Стандарт
670,Ефим,Афанасьев,М,61,2022-08-15 14:19:18,6116.81,CTPVHIQF,Телекоммуникации,Махачкала,Стандарт
671,Нина,Казакова,Ж,56,2023-12-11 03:12:11,2689.31,IRL0BZRD,Доставка еды,Владивосток,Стандарт
672,Ян,Щербаков,М,59,2023-08-23 11:42:20,9449.0,IJSC2ZD0,Автомобильные услуги,Оренбург,Стандарт
673,Олеся,Лукина,Ж,52,2024-02-27 21:30:52,6949.9,RZNDR0CU,Ювелирные изделия,Волгоград,Стандарт
674,Агнесса,Полякова,Ж,32,2022-04-28 15:12:37,5623.44,OH3SVMJF,Рестораны,Тюмень,Стандарт
675,Геннадий,Денисов,М,18,2022-11-27 17:48:32,3497.05,RO2D6R6X,Билеты на мероприятия,Пермь,Стандарт
676,Людмила,Климова,Ж,19,2023-02-15 03:11:43,6535.2,VJYDTEB9,Спортивные товары,Новокузнецк,Стандарт
677,Альбина,Прохорова,Ж,52,2023-08-08 03:43:07,6494.8,IG6V3VNX,Автомойка,Ульяновск,Стандарт
678,Анжелика,Селезнева,Ж,24,2022-08-09 00:17:00,5295.21,2TKH2COP,Офисное оборудование,Махачкала,Стандарт
679,Вениамин,Тарасов,М,35,2023-03-08 04:21:51,4243.52,YFIJ1OJM,Игры и ПО,Омск,Стандарт
680,Артём,Данилов,М,64,2022-11-03 02:20:23,5984.12,FNEXTRIC,Туристические услуги,Тольятти,Стандарт
681,Данил,Федотов,М,51,2024-03-19 09:18:11,6127.75,XNOO6LM5,Страхование,Челябинск,Стандарт
682,Богдан,Воробьев,М,60,2024-01-13 02:34:37,8015.91,8UFUJXZB,Обувь,Краснодар,Стандарт
683,Никита,Куликов,М,33,2022-02-04 17:52:12,4740.42,ZP42HCNJ,Игрушки,Ульяновск,Стандарт
684,Надежда,Макарова,Ж,18,2023-08-25 13:53:59,4394.36,VV8NOQGK,Образование,Ярославль,Стандарт
685,Фёдор,Чернышев,М,40,2023-11-26 10:46:54,2807.94,QMC9J632,Зоотовары,Ростов-на-Дону,Стандарт
686,Агнесса,Осипова,Ж,60,2023-09-23 08:53:21,5610.58,9VQMD5F3,Игры и ПО,Тольятти,Стандарт
687,Аэлита,Филиппова,Ж,43,2024-01-09 19:57:00,6467.15,5I2I0IJ8,Сантехника,Воронеж,Стандарт
688,Радмила,Добрынина,Ж,22,2023-08-18 01:00:21,5808.47,7G5PZ28J,Транспорт,Екатеринбург,Стандарт
689,Матвей,Пономарев,М,38,2022-02-10 01:25:05,6111.72,YL2KVLQT,Игры и ПО,Ярославль,Стандарт
690,Майя,Тимофеева,Ж,51,2022-05-13 08:26:26,6228.06,IURFXYPX,Музыкальные инструменты,Воронеж,Стандарт
691,Юлиана,Федотова,Ж,66,2022-06-13 18:05:04,8069.03,RFWACS9E,Детские товары,Кемерово,Стандарт
692,Мария,Тихомирова,Ж,63,2024-04-08 17:01:15,10875.5,O9QF2AO2,Доставка еды,Краснодар,Стандарт
693,Ия,Пономарева,Ж,59,2023-11-02 14:58:29,8208.06,QGXGFVFC,Винотеки,Волгоград,Стандарт
694,Клавдия,Медведева,Ж,34,2022-02-23 02:51:16,6044.36,DVNYO9PI,Телекоммуникации,Владивосток,Стандарт
695,Изабелла,Прохорова,Ж,33,2022-06-13 15:15:32,4132.15,IY05YQ60,Хозяйственные товары,Нижний Новгород,Стандарт
696,Таисия,Мартынова,Ж,31,2023-08-12 02:46:01,8588.66,IBRP90W6,Книги,Томск,Стандарт
697,Надежда,Пономарева,Ж,38,2022-05-24 15:48:10,10038.91,VRNZQE12,Туристические услуги,Новосибирск,Стандарт
698,Филипп,Власов,М,53,2023-02-17 21:49:54,5878.55,VQ5HTPO3,Сантехника,Тольятти,Стандарт
699,Виолетта,Чернышева,Ж,43,2022-03-10 03:38:42,5440.37,QPN4N9YW,Компьютеры и периферия,Краснодар,Стандарт
700,Леокадия,Климова,Ж,26,2022-11-06 16:20:19,8679.91,WPGI2XD5,Гостиницы,Пермь,Стандарт
701,Виолетта,Герасимова,Ж,52,2023-08-21 15:33:44,6550.23,J5L5EGTL,Электроника,Кемерово,Стандарт
702,Лиана,Лукина,Ж,21,2024-01-19 16:59:07,3492.99,89UBPB5P,Хозяйственные товары,Томск,Стандарт
703,Юлиан,Яковлев,М,75,2022-05-14 21:26:38,2688.2,U6NEBXY6,Хозяйственные товары,Ижевск,Стандарт
704,Вячеслав,Карпов,М,57,2023-07-22 18:06:36,5371.02,C76KAQ02,Хозяйственные товары,Томск,Стандарт
705,Руслан,Николаев,М,56,2022-12-15 05:21:14,4935.93,RCKTSINY,Музыкальные инструменты,Тюмень,Стандарт
706,Арина,Абрамова,Ж,22,2024-04-17 22:53:52,4545.54,FVBUVAUZ,Аренда автомобилей,Томск,Стандарт
707,Богдан,Захаров,М,62,2023-07-31 14:30:33,4287.23,E4AG6KZV,Товары для дома,Пермь,Стандарт
708,Арсений,Александров,М,24,2022-11-09 00:32:20,4239.82,ODBHU7CX,Автомойка,Краснодар,Стандарт
709,Ефросинья,Миронова,Ж,59,2024-03-31 05:21:17,3450.26,S58EXTN0,Автозапчасти,Краснодар,Стандарт
710,Зоя,Добрынина,Ж,37,2022-06-24 01:03:01,6438.23,Z1Y2Z4NI,Бытовая химия,Краснодар,Стандарт
711,Агата,Лазарева,Ж,31,2024-01-29 22:30:54,3816.56,TCQ3N3U4,Компьютеры и периферия,Оренбург,Стандарт
712,Захар,Комаров,М,52,2023-12-31 00:47:27,7708.41,OTM2QUZK,Салоны красоты,Новокузнецк,Стандарт
713,Августа,Антонова,Ж,37,2022-06-27 22:18:58,5668.98,M7PSLPYM,Продукты,Барнаул,Стандарт
714,Родион,Титов,М,47,2023-01-21 12:20:02,5800.46,ME312X86,Цветы,Омск,Стандарт
715,Викентий,Ильин,М,60,2022-05-19 03:12:31,5565.43,6GTEXWI7,Сувениры,Тольятти,Стандарт
716,Пелагея,Добрынина,Ж,60,2023-10-19 14:28:14,4079.79,TVJUWNU2,Ювелирные изделия,Кемерово,Стандарт
717,Лада,Чернова,Ж,52,2022-03-06 14:19:52,4756.86,GKG823VE,Музыкальные инструменты,Воронеж,Стандарт
718,Альбина,Макарова,Ж,19,2022-11-05 02:34:35,7411.77,6K8BBC5A,Транспорт,Пермь,Стандарт
719,Ярослав,Яковлев,М,74,2022-08-01 06:05:27,6527.02,0UIP6UOW,Цветы,Махачкала,Стандарт
720,Анжела,Карпова,Ж,33,2023-06-14 05:43:42,9021.53,JY1787L6,Телекоммуникации,Екатеринбург,Стандарт
721,Амелия,Исаева,Ж,33,2023-08-12 09:47:50,4440.29,21FJC7OH,Автомойка,Барнаул,Стандарт
722,Зинаида,Голубева,Ж,53,2023-03-11 16:23:52,5410.95,QU9YWTDZ,Доставка еды,Уфа,Стандарт
723,Серафима,Добрынина,Ж,63,2022-04-14 14:20:13,6067.62,UINJNDRE,Сантехника,Ярославль,Стандарт
724,Жанна,Крылова,Ж,27,2023-07-22 14:31:38,7214.15,EU1RROP9,Гостиницы,Волгоград,Стандарт
725,Мирослав,Фомин,М,21,2024-02-27 10:14:22,4230.09,P0BRSQNU,Строительные материалы,Волгоград,Стандарт
726,Елизарова,Абрамова,Ж,50,2023-07-11 06:19:21,6617.91,GY3GE99D,Автомойка,Тюмень,Стандарт
727,Ладислав,Ковалев,М,38,2022-12-11 23:28:05,7412.38,WZXZB9B0,Телекоммуникации,Тольятти,Стандарт
728,Серафима,Титова,Ж,39,2022-07-21 15:40:07,4127.75,LD7BOLLA,Товары для дома,Новокузнецк,Стандарт
729,Агата,Данилова,Ж,25,2022-08-27 10:54:40,9608.96,EURC5D2F,Сувениры,Воронеж,Стандарт
730,Полина,Ефимова,Ж,18,2022-09-04 23:41:22,6763.33,3YYDTUZ1,Билеты на мероприятия,Томск,Стандарт
731,Серафима,Голубева,Ж,60,2024-01-02 11:37:27,9282.81,Y1C65SDU,Игры и ПО,Казань,Стандарт
732,Богдан,Казаков,М,21,2023-07-27 16:54:20,3828.45,X47V2WQH,Детские товары,Краснодар,Стандарт
733,Ксения,Соловьева,Ж,44,2022-04-12 01:27:36,593.12,8GH41NY7,Бытовая химия,Ижевск,Стандарт
734,Эмиль,Данилов,М,57,2022-04-08 01:41:00,5975.85,ZRVARSNF,Компьютеры и периферия,Оренбург,Стандарт
735,Мирослава,Селезнева,Ж,36,2022-12-12 08:49:25,4896.31,RLHCDULR,Фототовары,Ижевск,Стандарт
736,Дана,Щербакова,Ж,74,2022-01-05 07:01:45,6018.33,UFTFCPC4,Игры и ПО,Барнаул,Стандарт
737,Леокадия,Чернышева,Ж,62,2023-09-05 02:16:18,5898.29,B8ZSE7BC,Электроника,Владивосток,Стандарт
738,Дана,Тимофеева,Ж,41,2023-10-28 12:35:09,7756.64,JCRUPLKF,Строительные материалы,Саратов,Стандарт
739,Галина,Родионова,Ж,63,2024-01-22 08:14:51,8481.52,IYBB264X,Автомобильные услуги,Кемерово,Стандарт
740,Виолетта,Щербакова,Ж,29,2023-03-02 15:51:34,5744.39,EE145OC3,Супермаркеты,Кемерово,Стандарт
741,Юлий,Родионов,М,53,2023-06-23 04:50:33,7105.54,TXZ71J43,Телекоммуникации,Волгоград,Стандарт
742,Филипп,Назаров,М,43,2023-01-06 11:14:32,8663.33,H8FIZI3N,Строительные материалы,Ижевск,Стандарт
743,Галина,Григорьева,Ж,28,2023-05-14 14:44:30,4945.43,8BG806T9,Доставка еды,Челябинск,Стандарт
744,Филипп,Королев,М,63,2024-03-25 13:06:07,8406.4,91ITALHE,Автозапчасти,Ульяновск,Стандарт
745,Милана,Медведева,Ж,60,2023-01-15 17:02:00,6486.46,3ZU8C601,Парфюмерия,Краснодар,Стандарт
746,Даниил,Киселев,М,38,2022-10-24 22:02:22,4671.24,XLY4B5WN,Туристические услуги,Томск,Стандарт
747,Радмила,Денисова,Ж,47,2023-10-16 09:04:08,8018.55,7P8OAK27,Туристические услуги,Нижний Новгород,Стандарт
748,Людмила,Быкова,Ж,38,2022-01-04 16:34:13,5475.68,YNQQXJEN,Парфюмерия,Тюмень,Стандарт
749,Серафима,Миронова,Ж,46,2023-12-04 06:07:48,6099.94,MP0IA74C,Медикаменты,Краснодар,Стандарт
750,Ефросинья,Степанова,Ж,22,2023-11-29 07:06:36,9510.05,X5D7NLIP,Аксессуары,Барнаул,Стандарт
751,Божена,Тимофеева,Ж,51,2022-06-19 14:29:36,5619.92,LRMTIQ9J,Канцтовары,Саратов,Стандарт
752,Тамара,Егорова,Ж,57,2024-02-17 18:23:34,4777.98,XXD8QL9S,Игрушки,Тюмень,Стандарт
753,Ариадна,Баранова,Ж,46,2023-05-29 21:29:02,5524.55,VWN5982G,Книги,Барнаул,Стандарт
754,Гордей,Филатов,М,30,2023-04-27 09:41:53,11275.4,XIDX3MP1,Компьютеры и периферия,Оренбург,Стандарт
755,Илона,Тимофеева,Ж,61,2024-02-13 03:02:52,5829.92,RQWSMAG9,Автомойка,Челябинск,Стандарт
756,Ева,Филатова,Ж,61,2023-12-16 20:28:37,5841.62,U3Q4MD3Z,Фитнес-клубы,Ульяновск,Стандарт
757,Захар,Петров,М,23,2023-07-13 04:34:27,4792.58,MCIPK4S8,Хозяйственные товары,Тольятти,Стандарт
758,Любава,Тимофеева,Ж,44,2023-09-07 04:55:58,4308.11,KHUM2DPM,Сувениры,Тюмень,Стандарт
759,Арнольд,Савельев,М,46,2023-07-17 00:58:20,2994.1,O482RTVB,Детские товары,Саратов,Стандарт
760,Эдуард,Исаев,М,66,2023-08-22 19:25:34,6373.08,KHQ7MTZ4,Аренда автомобилей,Махачкала,Стандарт
761,Агата,Быкова,Ж,43,2022-05-13 13:58:29,7380.95,IE5DTLGG,Офисное оборудование,Барнаул,Стандарт
762,Клара,Денисова,Ж,74,2023-08-18 05:39:26,8201.07,OG57VJY7,Билеты на мероприятия,Омск,Стандарт
763,Глафира,Селезнева,Ж,40,2022-10-17 06:49:29,7315.49,VECXSIT2,Автомобильные услуги,Казань,Стандарт
764,Давид,Казаков,М,75,2022-05-17 09:26:36,5285.86,782ZZ1TL,Парфюмерия,Иркутск,Стандарт
765,Егор,Климов,М,58,2022-01-18 16:42:35,8250.88,V2O2IZ4M,Компьютеры и периферия,Кемерово,Стандарт
766,Алевтина,Новикова,Ж,45,2022-02-13 00:48:39,3880.39,Z1K1GBCB,Страхование,Омск,Стандарт
767,Надежда,Прохорова,Ж,29,2022-04-25 04:56:12,7089.17,4WH8IJ5X,Автомойка,Иркутск,Стандарт
768,Милана,Воробьева,Ж,19,2023-08-25 18:32:25,3240.98,EBJQIMZG,Ювелирные изделия,Воронеж,Стандарт
769,Серафима,Медведева,Ж,20,2023-08-12 09:46:29,6281.28,4YEJB8WH,Аренда автомобилей,Тольятти,Стандарт
770,Лада,Григорьева,Ж,59,2023-05-15 05:30:41,6466.81,L2UN31MA,Почтовые услуги,Кемерово,Стандарт
771,Гавриил,Климов,М,31,2023-12-28 13:21:27,3732.17,GNR9FC5C,Продукты,Ульяновск,Стандарт
772,Пелагея,Полякова,Ж,57,2024-03-12 20:47:54,9321.18,MS6AT84I,Детские товары,Кемерово,Стандарт
773,Евдокия,Лукина,Ж,66,2022-04-14 19:14:41,6831.78,A39LP6FX,Офисное оборудование,Тольятти,Стандарт
774,Эльдар,Покровский,М,59,2023-02-19 08:28:14,7000.18,5VIQF978,Зоотовары,Оренбург,Стандарт
775,Лука,Богданов,М,47,2024-01-06 10:12:16,4550.64,04QBNGBQ,Компьютеры и периферия,Челябинск,Стандарт
776,Ада,Лазарева,Ж,25,2023-08-14 16:30:36,4523.99,8ZES7ARP,Автомобильные услуги,Пермь,Премиум
777,Денис,Сергеев,М,58,2023-05-12 04:23:42,5209.13,JL6325AB,Зоотовары,Тольятти,Стандарт
778,Антонина,Лукина,Ж,25,2022-07-04 10:08:36,5628.24,TYWA9YKX,Игрушки,Иркутск,Стандарт
779,Регина,Абрамова,Ж,75,2023-05-02 08:45:02,7056.0,W3M4ACBL,Салоны красоты,Барнаул,Стандарт
780,Ратибор,Крылов,М,68,2023-09-30 17:11:14,4925.04,Y9C8B0BL,Музыкальные инструменты,Махачкала,Стандарт
781,Зинаида,Маслова,Ж,45,2022-06-12 16:02:02,6489.81,NYHAROOK,Супермаркеты,Ульяновск,Стандарт
782,Бронислав,Ильин,М,54,2023-07-11 06:19:14,1124.81,EY0VC89G,Спортивные товары,Ярославль,Премиум
783,Наталья,Осипова,Ж,18,2022-12-02 07:17:25,6651.0,A8LG711N,Автомойка,Ульяновск,Стандарт
784,Демид,Казаков,М,75,2023-04-16 09:04:00,3155.93,8C3LKBAH,Книги,Барнаул,Стандарт
785,Регина,Афанасьева,Ж,24,2022-05-13 15:16:34,5654.05,MFQPEROB,Ювелирные изделия,Томск,Стандарт
786,Варя,Фомина,Ж,74,2024-03-27 20:04:02,7324.15,9DLCLNY1,Бытовая химия,Новокузнецк,Стандарт
787,Леокадия,Александрова,Ж,63,2022-06-05 01:51:12,6362.96,63618FZE,Продукты,Ижевск,Стандарт
788,Нина,Климова,Ж,18,2023-10-11 15:13:20,8046.65,3BASTEFQ,Музыкальные инструменты,Ульяновск,Стандарт
789,Ия,Денисова,Ж,74,2023-03-06 04:14:15,6227.27,6XEZZ68R,Мебель,Краснодар,Стандарт
790,Капитолина,Иванова,Ж,58,2022-01-02 14:07:01,5443.72,Z15WMA89,Почтовые услуги,Томск,Стандарт
791,Клавдия,Чернова,Ж,21,2023-02-05 18:29:34,7523.76,T89YMLP4,Книги,Ижевск,Стандарт
792,Ладислав,Покровский,М,29,2022-11-09 17:58:10,6165.01,B81OT8JZ,Автомобильные услуги,Красноярск,Премиум
793,Лада,Назарова,Ж,20,2023-04-02 16:25:55,4571.6,XBJVHVNZ,Ювелирные изделия,Красноярск,Премиум
794,Жанна,Власова,Ж,22,2022-05-07 12:09:08,9824.53,CBMZ0IK4,Офисное оборудование,Иркутск,Стандарт
795,Варя,Виноградова,Ж,56,2022-04-21 20:40:06,3760.38,R9YODH9S,Продукты,Оренбург,Стандарт
796,Ксения,Маркова,Ж,18,2022-04-18 01:13:04,3125.79,ZO2664HL,Ювелирные изделия,Волгоград,Стандарт
797,Майя,Покровская,Ж,61,2023-01-30 07:33:36,2170.18,QQ3MX8IZ,Аптека,Кемерово,Стандарт
798,Кира,Быкова,Ж,43,2023-01-10 23:52:23,7240.85,TZ77B9SR,Фитнес-клубы,Оренбург,Стандарт
799,Регина,Баранова,Ж,44,2022-04-01 21:58:43,8422.16,MGHF38RR,Сантехника,Томск,Стандарт
800,Светлана,Пономарева,Ж,61,2023-01-12 00:26:19,5245.06,RDVL04TW,Аренда автомобилей,Владивосток,Стандарт
801,Нинель,Осипова,Ж,65,2023-10-24 19:01:15,3913.42,J0KKJXT7,Детские товары,Пермь,Стандарт
802,Дана,Исаева,Ж,58,2023-02-20 13:04:25,7158.05,HJL0031L,Почтовые услуги,Краснодар,Стандарт
803,Лев,Ефимов,М,64,2023-06-01 18:20:00,4094.87,N92JNXEF,Сантехника,Томск,Стандарт
804,Клара,Добрынина,Ж,72,2023-10-03 10:08:26,5430.53,G3UQS634,Бытовая химия,Кемерово,Стандарт
805,Арнольд,Марков,М,26,2022-06-18 03:06:36,5490.09,Z9M1CFT6,Цветы,Томск,Стандарт
806,Пелагея,Назарова,Ж,66,2022-10-04 03:00:43,6607.83,8YIIHL04,Аптека,Томск,Стандарт
807,Екатерина,Киселева,Ж,58,2022-06-15 15:48:17,10303.86,N8I3U1HU,Зоотовары,Барнаул,Стандарт
808,Семён,Марков,М,30,2022-02-19 02:04:51,6268.83,X3G9SUYL,Аренда автомобилей,Владивосток,Стандарт
809,Альбина,Лукина,Ж,48,2023-09-08 08:04:49,235.87,GYOVE5VD,Билеты на мероприятия,Томск,Стандарт
810,Эльдар,Орлов,М,40,2023-01-19 07:16:18,5583.43,TY7AN6G6,Офисное оборудование,Омск,Стандарт
811,Филипп,Куликов,М,62,2022-07-26 15:00:10,3145.85,BASGV7GK,Доставка еды,Ярославль,Стандарт
812,Раиса,Добрынина,Ж,28,2024-03-16 08:48:45,7590.0,TLCZ96OW,Телекоммуникации,Новокузнецк,Стандарт
813,Любовь,Прохорова,Ж,70,2022-03-16 21:27:13,8037.05,M1V4FX95,Страхование,Новокузнецк,Стандарт
814,Альберт,Денисов,М,18,2022-01-30 18:36:44,7647.56,OR5A0ELP,Цветы,Ярославль,Премиум
815,Дарья,Тимофеева,Ж,67,2023-05-23 21:40:08,4639.08,I8K2I3M7,Доставка еды,Новокузнецк,Стандарт
816,Никита,Тарасов,М,57,2022-07-07 05:12:42,6314.46,DCIMOJME,Аренда автомобилей,Волгоград,Стандарт
817,Ксения,Добрынина,Ж,42,2023-10-10 21:02:01,6485.3,RL6J4ORU,Фототовары,Новокузнецк,Стандарт
818,Ян,Маслов,М,51,2023-01-06 09:35:46,6088.88,MIOIXRLI,Туристические услуги,Ульяновск,Стандарт
819,Татьяна,Виноградова,Ж,37,2022-05-13 14:13:51,2029.07,T8C62TWR,Доставка еды,Ижевск,Стандарт
820,Ада,Воронина,Ж,72,2022-12-17 02:17:53,8412.72,9IZCUJS6,Автомойка,Тольятти,Стандарт
821,Нонна,Голубева,Ж,62,2023-08-24 04:23:17,4008.96,S66U2ARP,Автомобильные услуги,Иркутск,Стандарт
822,Агнесса,Щербакова,Ж,41,2022-10-15 07:20:32,9919.52,GJUQYED8,Детские товары,Краснодар,Стандарт
823,Дмитрий,Воронин,М,66,2022-12-21 11:58:54,7696.31,MXMLROG9,Фототовары,Воронеж,Стандарт
824,Юлия,Лазарева,Ж,67,2023-02-19 07:34:52,11727.13,XFY3Y28G,Супермаркеты,Тюмень,Стандарт
825,Матвей,Савельев,М,73,2024-03-03 05:35:01,3589.42,8ECFI4MW,Фототовары,Тольятти,Стандарт
826,Нинель,Тимофеева,Ж,62,2022-03-04 08:52:25,7681.59,18XGSOBF,Страхование,Волгоград,Стандарт
827,Ирина,Беляева,Ж,67,2023-02-12 01:55:06,6339.94,5JVLM150,Аренда автомобилей,Ульяновск,Стандарт
828,Семён,Куликов,М,65,2022-01-20 20:11:20,6828.47,9H6PI0KD,Медикаменты,Ульяновск,Стандарт
829,Трофим,Миронов,М,62,2022-02-17 02:53:08,8819.01,QS8S8JU7,Продукты,Омск,Стандарт
830,Надежда,Селезнева,Ж,64,2022-10-26 16:20:19,7996.64,TGXUNL1Z,Косметика,Саратов,Стандарт
831,Антонина,Афанасьева,Ж,52,2023-06-05 15:56:55,5959.17,X3HWO990,Офисное оборудование,Томск,Стандарт
832,Майя,Добрынина,Ж,23,2024-03-11 09:16:11,2915.42,GNCCLUT0,Сантехника,Владивосток,Стандарт
833,Виолетта,Лукина,Ж,22,2023-10-26 06:16:20,4505.42,886EDDOS,Строительные материалы,Томск,Стандарт
834,Гордей,Родионов,М,68,2022-03-26 01:05:30,6136.26,Y23TFT5Y,Аренда автомобилей,Новокузнецк,Стандарт
835,Маргарита,Осипова,Ж,68,2022-04-28 09:54:37,3409.6,TUS2HU6Z,Развлечения,Томск,Стандарт
836,Карина,Жукова,Ж,73,2022-02-23 21:56:16,4619.84,ZHL6SF1K,Продукты,Ростов-на-Дону,Стандарт
837,Олег,Антонов,М,51,2022-08-07 23:51:31,3719.53,0CGM132P,Аптека,Ярославль,Стандарт
838,Божена,Абрамова,Ж,56,2023-05-11 23:23:07,8595.48,1XAQJTKS,Автозапчасти,Кемерово,Стандарт
839,Екатерина,Тарасова,Ж,51,2024-04-12 22:17:27,7186.09,6YKDW5KO,Автомойка,Новокузнецк,Стандарт
840,Евграф,Сидоров,М,61,2022-01-01 02:45:13,10619.01,OD3FUHZ0,Товары для дома,Владивосток,Стандарт
841,Леокадия,Афанасьева,Ж,55,2023-01-21 08:09:00,7876.28,UYXXZIZP,Аренда автомобилей,Новосибирск,Стандарт
842,Глеб,Фомин,М,24,2022-05-11 19:17:00,3153.03,1CEFJHDE,Ювелирные изделия,Тольятти,Стандарт
843,Леокадия,Маркова,Ж,43,2022-12-16 04:08:20,5312.8,39N8R5J4,Туристические услуги,Владивосток,Стандарт
844,Злата,Беляева,Ж,69,2022-09-19 18:29:21,3883.54,UGC8CAFX,Сантехника,Саратов,Стандарт
845,Станислав,Филатов,М,21,2024-03-09 05:14:53,5535.32,U2W8120F,Бытовая химия,Томск,Стандарт
846,Мирослав,Савельев,М,66,2023-07-21 22:42:00,7127.49,JGIGOB3W,Офисное оборудование,Тюмень,Стандарт
847,Анжелика,Фомина,Ж,46,2023-06-06 13:15:03,8770.22,EGMWDKQK,Страхование,Иркутск,Стандарт
848,Денис,Комаров,М,59,2022-07-23 05:42:37,4269.26,3W032TI8,Бытовая химия,Ульяновск,Стандарт
849,Серафим,Герасимов,М,43,2023-06-14 15:04:47,7314.09,4TG2O1RW,Товары для дома,Екатеринбург,Стандарт
850,Вениамин,Покровский,М,46,2022-04-28 17:19:20,3999.44,OXX5WFDK,Почтовые услуги,Ростов-на-Дону,Стандарт
851,Юлиан,Данилов,М,33,2023-08-12 03:56:25,5923.1,WFKV0P1B,Фототовары,Оренбург,Стандарт
852,Ева,Коновалова,Ж,60,2024-02-13 10:42:27,2326.77,S0L5R61Z,Образование,Казань,Стандарт
853,Августа,Ковалева,Ж,70,2023-02-16 15:32:35,6956.94,1BD1EEZQ,Доставка еды,Воронеж,Стандарт
854,Анна,Сидорова,Ж,33,2024-01-28 13:09:31,3733.58,JTXOZUJ8,Фитнес-клубы,Самара,Премиум
855,Рустам,Белов,М,30,2022-04-06 06:42:47,4423.54,HQ4RE6UN,Доставка еды,Казань,Стандарт
856,София,Быкова,Ж,68,2024-03-10 19:08:38,2377.48,8D0JCAR5,Парфюмерия,Иркутск,Стандарт
857,Елисей,Покровский,М,41,2023-04-19 05:56:27,5499.75,AT2WJSST,Спортивные товары,Ульяновск,Стандарт
858,Григорий,Сидоров,М,74,2022-01-14 18:23:58,6918.11,ELK39BC0,Супермаркеты,Красноярск,Стандарт
859,Ариадна,Тимофеева,Ж,41,2023-07-17 04:00:15,7402.64,XHUDPAJA,Бытовая химия,Ярославль,Стандарт
860,Дана,Назарова,Ж,26,2023-01-27 16:39:06,8104.22,V8NVJ53S,Фототовары,Махачкала,Стандарт
861,Юлия,Ильина,Ж,41,2023-05-10 05:06:50,6929.97,PJG3AK02,Игры и ПО,Казань,Стандарт
862,Татьяна,Федорова,Ж,63,2022-12-04 17:13:41,4513.62,1MZKK9QC,Образование,Барнаул,Стандарт
863,Милана,Маслова,Ж,20,2023-08-11 20:28:05,7102.12,7Z2T9MSY,Музыкальные инструменты,Барнаул,Стандарт
864,Илона,Климова,Ж,23,2022-06-01 11:58:37,7586.13,A7QDO7M7,Электроника,Тюмень,Стандарт
865,Альберт,Романов,М,73,2022-07-20 12:39:07,7830.82,R810JUEA,Телекоммуникации,Пермь,Стандарт
866,Ада,Майорова,Ж,72,2022-02-12 15:05:09,5301.84,86K73GBD,Компьютеры и периферия,Оренбург,Стандарт
867,Елена,Александрова,Ж,28,2023-02-13 04:49:23,3546.94,RIML8X19,Офисное оборудование,Тольятти,Стандарт
868,Екатерина,Щербакова,Ж,25,2022-07-27 17:00:56,9050.1,MOGYY9UM,Сантехника,Оренбург,Стандарт
869,Ника,Исаева,Ж,59,2023-06-03 14:32:58,6897.06,VETS9GOA,Детские товары,Новокузнецк,Стандарт
870,Амелия,Мельникова,Ж,37,2023-08-15 00:14:21,6408.7,R9E7GNIR,Парфюмерия,Иркутск,Стандарт
871,Римма,Майорова,Ж,51,2023-12-01 10:00:45,5601.18,SNHAT3MS,Парфюмерия,Волгоград,Стандарт
872,Леокадия,Власова,Ж,36,2022-01-15 14:32:39,4052.17,Z7VUPFMY,Телекоммуникации,Барнаул,Стандарт
873,Ростислав,Быков,М,30,2022-09-20 12:53:47,6763.13,JHQ5I08S,Образование,Самара,Стандарт
874,Сильвестр,Филиппов,М,73,2023-01-06 01:28:45,5916.0,0C7PSGP3,Зоотовары,Ростов-на-Дону,Стандарт
875,Лука,Чернов,М,72,2022-04-12 12:13:16,7538.63,SFTP63X2,Бытовая химия,Барнаул,Стандарт
876,Изабелла,Родионова,Ж,58,2022-03-04 08:31:36,7781.15,ECJCSU4M,Медикаменты,Пермь,Стандарт
877,Аэлита,Исаева,Ж,49,2024-04-24 05:29:49,4293.16,W79YPWOY,Билеты на мероприятия,Кемерово,Стандарт
878,Любава,Максимова,Ж,43,2023-07-22 21:09:46,7332.61,A5HQJ711,Автомойка,Иркутск,Стандарт
879,Юлия,Ковалева,Ж,62,2022-01-09 17:21:27,5117.02,32D6GO2Q,Цветы,Оренбург,Стандарт
880,Маргарита,Соловьева,Ж,44,2022-06-24 00:58:00,9094.75,SNBU9SYO,Страхование,Тюмень,Стандарт
881,Изабелла,Сидорова,Ж,56,2024-02-21 12:55:16,6216.34,GBP2IZMZ,Страхование,Томск,Стандарт
882,Илона,Куликова,Ж,41,2023-09-11 22:58:54,4886.76,NMKLF64F,Образование,Ярославль,Стандарт
883,Марина,Родионова,Ж,47,2022-04-17 05:57:14,3279.43,2OZHHEXM,Почтовые услуги,Владивосток,Стандарт
884,Карина,Королева,Ж,47,2024-01-11 15:46:56,6739.31,FR291NDP,Офисное оборудование,Махачкала,Стандарт
885,Мирослава,Сидорова,Ж,58,2023-07-14 12:20:45,5292.79,H3GVT9HK,Парфюмерия,Уфа,Стандарт
886,Елисей,Крылов,М,53,2023-04-21 10:03:22,6699.56,4D96SQ0T,Салоны красоты,Саратов,Стандарт
887,Жанна,Прохорова,Ж,55,2023-06-01 15:21:46,3820.34,OJKM3N3O,Офисное оборудование,Владивосток,Стандарт
888,Радмила,Тимофеева,Ж,31,2023-05-25 14:12:03,5284.04,BOKR5XM5,Продукты,Иркутск,Стандарт
889,Евдокия,Федотова,Ж,39,2022-07-29 01:42:38,7107.86,RT0PSHD5,Игры и ПО,Тольятти,Стандарт
890,Лилия,Савельева,Ж,50,2023-10-13 09:59:59,4866.42,RGHGQU7E,Салоны красоты,Ижевск,Стандарт
891,Полина,Гаврилова,Ж,46,2023-08-09 09:23:33,4650.38,93H032BO,Игрушки,Оренбург,Стандарт
892,Жанна,Лукина,Ж,69,2023-04-17 20:36:39,6010.61,PPR3MX42,Аренда автомобилей,Махачкала,Стандарт
893,Клара,Матвеева,Ж,65,2023-11-02 07:46:02,10148.97,E7RHDM7M,Салоны красоты,Тольятти,Стандарт
894,Ростислава,Николаева,Ж,46,2022-12-08 12:41:44,4651.37,W0IVABP8,Спортивные товары,Кемерово,Стандарт
895,Елизавета,Быкова,Ж,59,2023-12-25 15:23:58,8387.35,LBX8F2FE,Образование,Оренбург,Стандарт
896,Марк,Коновалов,М,50,2023-02-14 07:53:03,7731.71,4Y67OGKP,Сувениры,Иркутск,Стандарт
897,Эмиль,Ефимов,М,45,2023-05-29 01:42:53,5812.49,8TJZAMK9,Гостиницы,Ижевск,Стандарт
898,Данил,Богданов,М,23,2023-08-22 20:24:09,9873.7,17IQHLIF,Автозапчасти,Ульяновск,Стандарт
899,Амелия,Матвеева,Ж,35,2023-12-18 19:07:59,1897.1,E076QE15,Парфюмерия,Владивосток,Стандарт
900,Изабелла,Ильина,Ж,21,2023-01-02 02:31:05,5639.68,BY2CTZ4T,Спортивные товары,Уфа,Стандарт
901,Адриан,Филиппов,М,68,2022-10-29 03:01:48,6028.77,CEC1IHUM,Ювелирные изделия,Кемерово,Премиум
902,Ростислава,Назарова,Ж,50,2022-09-27 22:05:05,7171.15,JFPTPB0I,Товары для дома,Пермь,Стандарт
903,Олеся,Сидорова,Ж,66,2023-08-22 01:14:13,6346.49,KA0FP22G,Сантехника,Тюмень,Стандарт
904,Лариса,Чернова,Ж,47,2023-07-01 20:29:56,6081.56,Y73C87J4,Образование,Ростов-на-Дону,Стандарт
905,Дарья,Медведева,Ж,33,2022-02-19 19:57:13,4965.9,IE0LDPP5,Страхование,Челябинск,Стандарт
906,Анатолий,Маслов,М,54,2022-03-25 17:12:46,4722.22,4HCQZ95X,Доставка еды,Тюмень,Стандарт
907,Марк,Миронов,М,58,2022-03-03 12:34:13,7874.52,96PNL2MC,Автомобильные услуги,Оренбург,Стандарт
908,Надежда,Ефимова,Ж,32,2023-05-25 01:57:19,5155.32,EUJHNS1H,Билеты на мероприятия,Оренбург,Стандарт
909,Клавдия,Климова,Ж,18,2024-03-26 00:10:58,3732.56,WKLWK6UW,Фитнес-клубы,Челябинск,Стандарт
910,Тамара,Чернова,Ж,52,2024-01-10 11:24:37,6652.94,E8IWSYN9,Почтовые услуги,Владивосток,Стандарт
911,Тихон,Щербаков,М,18,2022-08-26 21:44:57,6016.29,NLK1HG8I,Телекоммуникации,Махачкала,Стандарт
912,Любава,Ефимова,Ж,59,2022-04-29 06:53:46,3776.97,1RD5EFVT,Электроника,Нижний Новгород,Стандарт
913,Серафима,Сорокина,Ж,45,2023-03-08 06:57:23,1656.5,R6XTH9D1,Фитнес-клубы,Иркутск,Стандарт
914,Радмила,Козлова,Ж,73,2022-05-10 19:58:55,10491.94,0CSFTPUZ,Фототовары,Ярославль,Стандарт
915,Надежда,Жукова,Ж,55,2022-07-02 23:56:52,8550.86,ALYLHRWH,Доставка еды,Пермь,Премиум
916,Анжела,Климова,Ж,74,2024-03-23 14:40:04,5546.65,E2OP628W,Доставка еды,Барнаул,Стандарт
917,Артемий,Майоров,М,48,2023-05-07 11:19:41,2982.15,XL0HXVTF,Товары для дома,Владивосток,Стандарт
918,Виктория,Савельева,Ж,37,2023-04-27 04:38:02,4788.77,1GW9AB96,Офисное оборудование,Новокузнецк,Стандарт
919,Серафим,Куликов,М,38,2022-05-18 07:47:18,5505.93,UPMIAHJ3,Офисное оборудование,Пермь,Стандарт
920,Тарас,Назаров,М,43,2024-03-07 07:41:10,7518.79,MM6E810E,Продукты,Красноярск,Стандарт
921,Антонина,Антонова,Ж,65,2023-09-13 20:33:33,7754.88,ZIGG6QUW,Бытовая химия,Иркутск,Стандарт
922,Виктор,Быков,М,68,2023-02-16 10:40:16,4867.66,UT03EH6X,Обувь,Томск,Стандарт
923,Платон,Исаев,М,46,2023-12-22 07:48:21,4797.25,XQZ2IYFG,Гостиницы,Новокузнецк,Стандарт
924,Лука,Афанасьев,М,22,2022-05-26 13:11:19,3802.57,ZLTVD1HF,Автомойка,Оренбург,Стандарт
925,Нинель,Фролова,Ж,52,2022-08-05 06:31:45,2846.78,XOUOD60Z,Товары для дома,Барнаул,Стандарт
926,Аркадий,Лазарев,М,48,2024-04-25 20:52:35,4316.34,UD6364OB,Телекоммуникации,Барнаул,Стандарт
927,Бронислав,Ковалев,М,46,2022-04-20 16:42:10,7470.11,CIN8BZX3,Фототовары,Ижевск,Стандарт
928,Лилия,Ковалева,Ж,52,2023-01-08 17:40:42,5584.71,N40MA9MN,Музыкальные инструменты,Махачкала,Стандарт
929,Олег,Абрамов,М,63,2024-02-04 22:57:11,7843.5,Z64O94J3,Фототовары,Новокузнецк,Стандарт
930,Глафира,Кузьмина,Ж,39,2024-04-15 23:58:57,4137.92,G02N5YTK,Игрушки,Нижний Новгород,Стандарт
931,Амелия,Соловьева,Ж,52,2023-07-27 00:18:15,5324.85,QGQDTPMP,Обувь,Тольятти,Стандарт
932,Жанна,Богданова,Ж,49,2022-09-04 01:02:21,6514.47,2WXTTN3T,Музыкальные инструменты,Челябинск,Стандарт
933,Анжелика,Герасимова,Ж,70,2023-02-12 09:30:25,4791.74,7UQUBU3B,Цветы,Барнаул,Стандарт
934,Серафима,Филатова,Ж,46,2023-05-26 04:06:46,3706.44,84ZHZ9BB,Спортивные товары,Иркутск,Премиум
935,Нинель,Чернова,Ж,68,2024-03-30 18:17:58,9934.34,8A5LWYAU,Салоны красоты,Новокузнецк,Стандарт
936,Лиана,Добрынина,Ж,52,2023-08-17 02:13:21,8932.18,9C8ZN46D,Офисное оборудование,Нижний Новгород,Стандарт
937,Тарас,Родионов,М,21,2024-03-01 04:49:31,5104.96,VSQO4T42,Сантехника,Иркутск,Стандарт
938,Ада,Тихомирова,Ж,22,2023-08-14 04:37:56,9725.86,PL1KWK4V,Детские товары,Владивосток,Стандарт
939,Варя,Покровская,Ж,69,2022-01-07 07:41:38,3208.36,NVNYKBQF,Товары для дома,Кемерово,Стандарт
940,Юлиана,Ефимова,Ж,51,2022-10-25 20:38:04,5813.92,UZ27HAMR,Билеты на мероприятия,Уфа,Стандарт
941,Варвара,Казакова,Ж,18,2024-01-16 20:09:27,4435.64,9RN2F6NR,Билеты на мероприятия,Ульяновск,Стандарт
942,Наталья,Ковалева,Ж,20,2022-01-15 23:42:26,8534.95,HX0QCTD2,Ювелирные изделия,Махачкала,Стандарт
943,Пелагея,Миронова,Ж,36,2022-12-18 00:41:53,6024.55,5R8AZFCB,Билеты на мероприятия,Томск,Стандарт
944,Геннадий,Матвеев,М,21,2023-09-13 21:23:56,4507.76,0KOVZU2U,Канцтовары,Махачкала,Стандарт
945,Клавдия,Коновалова,Ж,52,2022-09-13 19:08:18,7168.96,4GCM63HE,Сантехника,Ростов-на-Дону,Стандарт
946,Альбина,Романова,Ж,47,2023-07-24 18:27:05,7070.42,ZC1BQ5NN,Продукты,Томск,Стандарт
947,Дана,Данилова,Ж,23,2023-07-05 00:52:15,6793.08,KRW33HBA,Билеты на мероприятия,Ульяновск,Стандарт
948,Амелия,Тарасова,Ж,32,2022-04-10 04:33:36,7505.25,PNMUFLQ3,Фототовары,Тольятти,Стандарт
949,Пелагея,Карпова,Ж,24,2023-01-22 03:55:28,4826.37,S37E2K7V,Доставка еды,Махачкала,Стандарт
950,Нинель,Куликова,Ж,46,2024-02-05 09:51:37,3725.64,0GZ4GEPI,Автозапчасти,Краснодар,Стандарт
951,Дана,Дмитриева,Ж,67,2022-12-01 05:02:50,5487.0,NDETXGDC,Туристические услуги,Томск,Стандарт
952,Тарас,Мартынов,М,70,2024-02-26 23:17:31,7205.88,T5RDKFJC,Аптека,Новокузнецк,Стандарт
953,Евдокия,Быкова,Ж,37,2022-12-26 23:38:38,5085.95,R41UNA6I,Образование,Воронеж,Стандарт
954,Галина,Афанасьева,Ж,19,2023-04-25 19:06:51,5814.18,AXGLUBWN,Супермаркеты,Тюмень,Стандарт
955,Гавриил,Тихомиров,М,21,2023-08-14 06:16:44,2791.5,NI3TAGBV,Рестораны,Волгоград,Стандарт
956,Ника,Щербакова,Ж,51,2022-01-09 12:46:14,5518.2,TLJOWQLQ,Бытовая химия,Ярославль,Стандарт
957,Ярослав,Казаков,М,37,2022-12-21 06:45:38,7900.16,2AI2V67N,Строительные материалы,Ижевск,Стандарт
958,Викентий,Филиппов,М,55,2023-08-28 04:15:06,5388.43,Q3R3W9FD,Гостиницы,Саратов,Стандарт
959,Адриан,Соколов,М,19,2023-07-18 08:40:57,6528.28,2P4WAC3G,Детские товары,Ульяновск,Стандарт
960,Арсений,Голубев,М,22,2022-06-30 08:58:01,8296.63,EC0GIS5W,Ювелирные изделия,Самара,Стандарт
961,Альберт,Гаврилов,М,50,2022-06-26 14:37:53,4136.16,91ZCDYPM,Офисное оборудование,Кемерово,Стандарт
962,Даниил,Мартынов,М,59,2024-01-06 03:32:41,1849.47,JBPHIKT1,Сантехника,Воронеж,Стандарт
963,Виолетта,Казакова,Ж,38,2022-07-23 20:11:19,10647.33,J43DZ85C,Цветы,Ярославль,Стандарт
964,Аэлита,Филиппова,Ж,48,2022-12-03 08:05:24,6706.95,FIBPQJPO,Фототовары,Тюмень,Стандарт
965,Капитолина,Ильина,Ж,46,2023-09-12 03:26:59,10025.25,LVSSGDKS,Салоны красоты,Тольятти,Стандарт
966,Елизарова,Ковалева,Ж,45,2023-02-14 21:26:38,8629.42,UEDFICLJ,Игры и ПО,Тюмень,Стандарт
967,Лиана,Андреева,Ж,20,2024-01-27 16:43:13,2776.96,BEFD9WT7,Бытовая техника,Ульяновск,Стандарт
968,Лада,Романова,Ж,59,2022-12-02 12:13:41,3695.36,RLUTYIL3,Продукты,Тольятти,Стандарт
969,Лиана,Пономарева,Ж,19,2023-07-20 15:21:33,5950.71,8CQD0FOD,Аренда автомобилей,Казань,Стандарт
970,Эмиль,Чернышев,М,52,2022-12-20 21:56:28,5877.2,AVAM8P4M,Телекоммуникации,Ижевск,Стандарт
971,Гордей,Марков,М,18,2022-06-01 14:52:36,8626.9,0DTMU4IW,Билеты на мероприятия,Барнаул,Стандарт
972,Богдан,Морозов,М,36,2022-01-07 10:39:42,5684.1,QIZAONEW,Развлечения,Томск,Стандарт
973,Гордей,Сорокин,М,59,2022-02-10 20:24:48,5721.47,459ASG7S,Супермаркеты,Тольятти,Стандарт
974,Амелия,Казакова,Ж,45,2023-02-22 21:57:52,4087.49,07WR6EWV,Страхование,Оренбург,Стандарт
975,Августа,Фомина,Ж,53,2022-10-13 15:56:29,6948.04,V9IFP2DX,Бытовая химия,Тольятти,Стандарт
976,Антонина,Голубева,Ж,72,2023-10-26 10:11:11,7672.95,2RT0SSG8,Туристические услуги,Ижевск,Стандарт
977,Алевтина,Зайцева,Ж,25,2023-08-14 17:32:50,4194.86,ZGFGTC1U,Гостиницы,Томск,Стандарт
978,Тамара,Родионова,Ж,32,2023-04-29 06:32:51,3709.46,OBVRP383,Билеты на мероприятия,Омск,Стандарт
979,Лиана,Фомина,Ж,38,2023-09-18 02:08:27,7207.62,G3QL8PAQ,Продукты,Краснодар,Стандарт
980,Илона,Прохорова,Ж,71,2023-04-14 06:31:11,5546.7,EB0J5TZW,Ювелирные изделия,Иркутск,Стандарт
981,Леокадия,Покровская,Ж,30,2022-05-23 10:19:29,7122.21,G8BFDFBH,Почтовые услуги,Махачкала,Стандарт
982,Алевтина,Афанасьева,Ж,71,2022-01-10 16:45:59,6776.39,YWP53Z50,Почтовые услуги,Томск,Стандарт
983,Светозар,Маслов,М,33,2022-08-03 07:55:34,6654.27,0I6YTGE1,Образование,Владивосток,Стандарт
984,Лука,Калинин,М,61,2024-03-26 15:54:09,6335.41,UYDDDXVD,Аренда автомобилей,Томск,Стандарт
985,Серафим,Власов,М,23,2022-02-16 11:40:50,6259.28,PQ76V13D,Фитнес-клубы,Красноярск,Стандарт
986,Агнесса,Савельева,Ж,20,2022-10-16 04:34:15,3063.56,0GLOXKZB,Почтовые услуги,Оренбург,Стандарт
987,Альбина,Ильина,Ж,55,2022-04-20 19:05:30,5133.88,8GUQH2Q9,Сантехника,Владивосток,Стандарт
988,Маргарита,Григорьева,Ж,36,2022-06-09 05:42:01,4766.33,L5RPV7TG,Компьютеры и периферия,Новокузнецк,Стандарт
989,Егор,Куликов,М,21,2023-02-02 10:52:28,9379.88,G502RUEE,Аренда автомобилей,Саратов,Стандарт
990,Анатолий,Комаров,М,18,2022-06-16 08:58:56,2084.39,6HJ6Q9U0,Сантехника,Новокузнецк,Стандарт
991,Евграф,Щербаков,М,57,2022-07-23 01:52:34,2277.66,4VX1M2QK,Фототовары,Красноярск,Стандарт
992,Ростислава,Ковалева,Ж,52,2022-07-11 06:43:00,5669.84,BVCKIM7G,Офисное оборудование,Ульяновск,Стандарт
993,Лада,Ефимова,Ж,69,2023-12-18 12:54:13,6280.34,IDSHJ85A,Страхование,Томск,Стандарт
994,Артём,Кузьмин,М,71,2022-12-02 10:47:30,6485.18,DRYUDRCO,Парфюмерия,Воронеж,Стандарт
995,Юлия,Волкова,Ж,29,2024-01-02 10:27:28,3008.21,1D30DQJZ,Бытовая химия,Кемерово,Стандарт
996,Ульяна,Данилова,Ж,54,2023-07-06 03:16:14,5019.8,NOERSKG8,Продукты,Краснодар,Стандарт
997,Майя,Родионова,Ж,50,2024-03-18 09:37:00,5035.72,SVYPAVDJ,Гостиницы,Тюмень,Стандарт
998,Юлий,Федотов,М,22,2022-07-15 19:57:00,5802.3,DMMSLCDF,Сувениры,Ульяновск,Стандарт
999,Нинель,Лукина,Ж,67,2022-04-27 12:18:53,3503.86,U3S70YIR,Автомобильные услуги,Тольятти,Стандарт
1000,Кира,Медведева,Ж,28,2022-09-22 13:00:02,3511.28,V44BHDDN,Игры и ПО,Омск,Стандарт
